nctId,url,title,status,phase,studyType,enrollment,leadSponsor,collaborators,conditions,interventions,startDate,completionDate,lastUpdate,locationsCount,countries,briefSummary,scrapedAt
NCT06461988,https://clinicaltrials.gov/study/NCT06461988,Talquetamab & Lenalidomide as Post Stem Cell Transplant Maintenance in Multiple Myeloma,RECRUITING,PHASE2,INTERVENTIONAL,20,Stanford University,"Janssen Scientific Affairs, LLC",Multiple Myeloma; Post Stem Cell Transplant,DRUG: Talquetamab; DRUG: Talquetamab and Lenalidomide,2025-06-05,2026-06,2025-08-24,1,United States,Multiple myeloma (MM) is a heterogenous plasma cell malignancy characterized by clonal proliferation of plasma cells and organ damage. Autologous transplantation with high dose chemotherapy is the standard of care in frontline treatment of eligible patients with MM.,2026-06-22T20:32:14.538Z
NCT04063527,https://clinicaltrials.gov/study/NCT04063527,Phase III Trial of Stage I Ovarian Cancer After Surgery,RECRUITING,PHASE3,INTERVENTIONAL,360,Japanese Gynecologic Oncology Group,Korean Gynecologic Oncology Group,Epithelial Ovarian Cancer,DRUG: adjuvant chemotherapy,2012-07-20,2030-02-01,2019-08-30,103,Japan; South Korea,To compare the Overall survival of adjuvant chemotherapy versus observation in stage I epithelial ovarian cancer after comprehensive staging surgery,2026-06-22T20:32:14.588Z
NCT05422027,https://clinicaltrials.gov/study/NCT05422027,Selinexor Plus VRd in High Risk Newly Diagnosed Multiple Myeloma,RECRUITING,"PHASE1, PHASE2",INTERVENTIONAL,42,Xia Zhongjun,Antengene Corporation,Multiple Myeloma,DRUG: Selinexor; DRUG: Bortezomib; DRUG: Lenalidomide; DRUG: Dexamethasone,2022-07-25,2025-12-31,2024-06-17,4,China,"This is a single-arm and open-label study to explore XVRd (ATG-010, Bortezomib, Lenalidomide and Dexamethasone) regimen in high-risk newly diagnosed multiple myeloma.The primary objective of the dose escalation study is to determine the safety, tolerability, and recommended phase II dose (RP2D) of selinexor; Then dose expansion at the RP2D level based on dose escalation phase will be conducted to evaluate the efficacy, safety and tolerability.The enrollment period for this study is expected to be approximately 12 months.

The study will end when all patients have completed 12 cycles treatment/follow-up since the initiation of the study drug, or the last patient has expired, has been lost to follow-up, or has withdrawn consent, whichever occurs first.",2026-06-22T20:32:14.612Z
NCT05413473,https://clinicaltrials.gov/study/NCT05413473,Northern Alberta Linac-MR Image-Guided Radiotherapy (Northern LIGHTs-2),RECRUITING,"PHASE1, PHASE2",INTERVENTIONAL,99,AHS Cancer Control Alberta,,Cancer,DEVICE: MR guided radiotherapy,2023-02-08,2030-01,2025-06-15,1,Canada,"Cancers are often treated with external beam radiotherapy. Current radiotherapy treatments are performed using computed tomography (also known as CT) scans which may not always clearly identify the cancer. In some instances, magnetic resonance imaging (MRI) may be able to better identify cancers. Therefore, efforts are currently underway to use the MRI scans to improve radiotherapy treatments or eventually even use radiotherapy equipment that only uses MRI scans to guide treatments. This new technology that will only use MRI scans to guide treatments is called the Linac-MR (linear accelerator with an MRI). This new Linac-MR is a unique innovation at the Cross Cancer Institute, with theoretical advantages over other Linac-MR machines that are being tested elsewhere in the world. This feasibility study is being done as a first step in clinical development of the Linac-MR, as this new technology has to be tested to see if it is acceptable to both doctors and participants. The purpose of this Phase I/II study is (1) to verify treatment completion as intended and scheduled the oncology team, and (2) to evaluate treatment effects, including any expected or unexpected radiation side effects and cancer response to radiation. This study will allow the researchers at the Cross Cancer Institute to develop this technology further by conducting additional studies to take advantage of MRI scanning on tumor tracking during radiation treatments.",2026-06-22T20:32:14.641Z
NCT06059469,https://clinicaltrials.gov/study/NCT06059469,PSMA-PET/CT to Assess the Expression of Specific Membrane Antigen (PSMA) in Patients With Progressive Triple-negative Breast Cancer.,RECRUITING,PHASE2,INTERVENTIONAL,20,Jules Bordet Institute,,TNBC - Triple-Negative Breast Cancer,DIAGNOSTIC_TEST: Ga-PSMA PET/CT,2022-05-30,2025-12,2025-07-18,1,Belgium,"This is a descriptive, prospective, single centre study. This study will assess PSMA expression via the uptake of radiolabelled PSMA-ligand using PET/CT imaging in mTNBC lesions pre-identified on 18F-FDG PET/CT in order to evaluate the feasibility of molecular radionuclide therapy in refractory mTNBC using the Lutetium-177 radiolabelled PSMA.",2026-06-22T20:32:14.667Z
NCT07512583,https://clinicaltrials.gov/study/NCT07512583,Clinical Studies of TQB2930 Injection for the Treatment of Advanced Solid Tumors,RECRUITING,"PHASE1, PHASE2",INTERVENTIONAL,178,"Chia Tai Tianqing Pharmaceutical Group Nanjing Shunxin Pharmaceutical Co., Ltd.",,Advanced Solid Tumor,DRUG: TQB2930 injection+TQB2102 for injection,2026-05-27,2028-12,2026-06-08,3,China,"This is a multicenter, open-label, multi-cohort phase Ib/II clinical study to evaluate the efficacy and safety of TQB2930 in combination with TQB2102 in patients with HER2-expressing advanced solid tumors.",2026-06-22T20:32:14.689Z
NCT06193356,https://clinicaltrials.gov/study/NCT06193356,Detection of Endoscopic Resection Scars and Delineation of Recurrence is Trainable,RECRUITING,NA,INTERVENTIONAL,141,"University Hospital, Ghent",,Colorectal Polyp; Colorectal Cancer,OTHER: Learning tool,2024-11-11,2027-01-01,2025-11-25,1,Belgium,"Colorectal cancer is prevented by colonoscopy and polypectomy. Failure to recognize the endoscopic resection scar after Endoscopic Mucosal Resection (EMR) risks unrecognized recurrent or residual adenoma (RRA), which may propagate into post-colonoscopy colorectal cancer. Expert series suggest scar recognition and interrogation is well performed with a high negative predictive value of endoscopic imaging vs histopathology. In this study the authors will investigate the performance of endoscopic imaging in detecting RRA at an endoscopic resection scar amongst general endoscopist and the impact of a learning intervention on recognition of RRA.

After consent is given, the participant will open the online survey and fill this in.

First the participant will be asked to create a pseudonym (name+year of birth) and fill in their demographical information (Grade, years in current role, colonoscopy experience, experience of colonic tissue resection, country of employment

The first 15 pictures will be shown prior to a learning intervention. For each picture the same questions will be asked:

* Is this an endoscopic resection scar?
* Based on this image does the scar demonstrate evidence of residual or recurrent adenoma (RRA)?
* What is your level of confidence?
* If the scar shows RRA, how would you treat it? (skip if you feel no RRA).
* If the scar does not show RRA do you feel there is another diagnosis? After the first 15 pictures a video-based learning tool will be shown on detection of RRA.

After the learning tool 15 different pictures will be shown, the same questions will be asked. All responses will be collected by the investigators. Statistical analysis will be performed using visual studio code (Microsoft, Redmond, USA) Images will be selected from the 'Australian Colonic LSL Endoscopic Resection Study' (ACE) database, which is an international multicentre registry of images and videos for retrospective analysis of colonic lesions. Images, videos, procedural information, and histopathological data are stored on a secure online web portal after written informed consent of every participating patient.",2026-06-22T20:32:14.713Z
NCT07159451,https://clinicaltrials.gov/study/NCT07159451,"A Short-term Preoperative, Evaluating Activity and Safety of Elacestrant Monotherapy as Compared to Elacestrant + Ovarian Function Suppression (LHRH Agonist) in Premenopausal Patients With Stage I-II ER+/HER2- Breast Cancer",RECRUITING,PHASE2,INTERVENTIONAL,140,"Gustave Roussy, Cancer Campus, Grand Paris",Menarini Group,Breast Cancer,DRUG: Elacestrant; DRUG: Leuprorelin,2025-10-06,2027-05-29,2025-12-01,1,France,"A prospective randomized trial designed to evaluate the mean decrease in Ki67 after 4 weeks of elacestrant monotherapy and in combination with leuprorelin in patients with early-stage HR+ BC. This preoperative study will enroll consecutive patients with early stage HR+ BC who are not candidates for neoadjuvant chemotherapy but are eligible for short-term preoperative treatment with elacestrant, with or without leuprorelin, followed by breast surgery. A total of three dedicated Formalin-fixed paraffin embedded (FFPE) samples (mandatory for all patients), along with two frozen biopsy (only for participants at Gustave Roussy), are planned to be collected at the time of inclusion from the biopsy sample and from the surgical specimen. Blood samples will also be collected throughout the study.",2026-06-22T20:32:14.739Z
NCT07381231,https://clinicaltrials.gov/study/NCT07381231,Immunotherapy With Adaptive Pulse Radiotherapy in Solid Tumors,RECRUITING,PHASE2,INTERVENTIONAL,35,Samsung Medical Center,,Cancer,RADIATION: Pulse radiation therapy,2025-09-26,2031-09-30,2026-02-02,1,South Korea,"The goal of this clinical trial is to find out whether Adaptive Pulse Radiotherapy (Pulse RT) combined with immune checkpoint inhibitors (ICIs) helps treat advanced solid tumors.

It will also check how safe this combined treatment is and how it affects the immune system and quality of life.

The main questions the study will try to answer are:

Does adding Pulse RT to ICIs improve tumor response and survival? What side effects occur when participants receive Pulse RT with ICIs? How does the treatment change immune-related blood and tissue markers? Does the treatment affect participants' quality of life?

Researchers will compare this new approach to usual ICI treatment to see whether Pulse RT makes a difference.

Participants will:

Continue to receive their standard ICI treatment. Receive 2-3 sessions of high-dose Pulse RT (8-10 Gy each) given about every 3 weeks.

Have the treatment volume adjusted based on how their tumors respond. Visit the clinic regularly for check-ups, imaging, blood tests, and quality-of-life questionnaires.",2026-06-22T20:32:14.761Z
NCT07201337,https://clinicaltrials.gov/study/NCT07201337,Reduced-dose vs Standard-dose Irradiation for Low-risk Clinical Target Volume in Nasopharyngeal Carcinoma.,RECRUITING,PHASE3,INTERVENTIONAL,700,Sun Yat-sen University,"Cancer Hospital Chinese Academy of Medical Science, Shenzhen Center; Affiliated Hospital of Guangdong Medical University; The University of Hong Kong-Shenzhen Hospital; Dongguan People's Hospital; Affiliated Cancer Hospital of Shantou University Medical College",Nasopharyngeal Cancinoma (NPC),RADIATION: Radiation Therapy; RADIATION: Radiation Therapy,2025-11-17,2031-11-17,2026-04-06,6,China,"To evaluate the locoregional control, survival rate, toxicity, and quality of life in patients with nasopharyngeal carcinoma treated with reduced prophylactic irradiation doses to the Low-Risk Clinical Target Volume (CTV).",2026-06-22T20:32:14.808Z
NCT04520672,https://clinicaltrials.gov/study/NCT04520672,Circulating Tumor Cells (CTC) in Cancer,RECRUITING,,OBSERVATIONAL,3000,"University Hospital, Basel, Switzerland",,Cancer,OTHER: Blood samples; OTHER: Samples from tumor draining vessels,2020-10-01,2030-08,2025-03-12,2,Switzerland,"This observational study with circulating tumor cells (CTC) count, isolation and analysis at several time points during disease progression is to investigate the role and biology of CTCs and clusters of CTCs in different cancer types. It also evaluates the role of CTCs as biomarkers, and aims at the identification of key signaling networks that are active in CTCs.",2026-06-22T20:32:14.843Z
NCT06295159,https://clinicaltrials.gov/study/NCT06295159,Neoadjuvant and Adjuvant Anti-PD1 or Combinations for Locoregionally Advanced Melanoma,RECRUITING,PHASE2,INTERVENTIONAL,90,H. Lee Moffitt Cancer Center and Research Institute,Bristol-Myers Squibb,Melanoma Stage III; Melanoma Stage IV; Advanced Melanoma; Melanoma,DRUG: Nivolumab; DRUG: Nivolumab + Relatlimab; DRUG: Ipilimumab,2024-05-17,2028-11,2026-04-01,1,United States,"The purpose of this study is to determine if neoadjuvant (treatment before surgery) immunotherapy treatment based on tumor biomarkers results in better participant outcomes. Immunotherapy is the treatment of disease by using a person's own immune system.

This study is divided into 2 sub-studies/parts designated Part 1 and Part 2 that will enroll in sequence starting with Part 1 followed by Part 2.",2026-06-22T20:32:14.867Z
NCT06358573,https://clinicaltrials.gov/study/NCT06358573,Intratumoral INT230-6 Followed by Neoadjuvant Immuno-chemotherapy in Patients With Early TNBC. INVINCIBLE-4-SAKK,RECRUITING,PHASE2,INTERVENTIONAL,61,Swiss Cancer Institute,,Triple-negative Breast Cancer; TNBC - Triple-Negative Breast Cancer,DRUG: INT230-6; OTHER: neoadjuvant immuno-chemotherapy,2024-10-24,2031-12,2026-04-02,9,Switzerland,"About 10-20% of all individuals with breast cancer have a so-called triple-negative tumor (TNBC). This type of breast cancer has a particularly unfavorable course and a higher mortality rate compared to other forms of breast cancer. Research studies show that it is important for individuals with TNBC to achieve a so-called pathologic complete response (pCR) to treatment. In the phase II study SAKK 66/22, it is being investigated whether the administration of the drug INT230-6 before surgery for breast cancer can increase the rate of pCR in the tumor and affected lymph nodes. The tolerability of INT230-6 as well as other factors such as response to treatment and the possibility of breast-conserving surgery are also being examined.",2026-06-22T20:32:14.911Z
NCT04679454,https://clinicaltrials.gov/study/NCT04679454,Single Fraction Preoperative Radiotherapy for Early Stage Breast Cancer,RECRUITING,NA,INTERVENTIONAL,79,European Institute of Oncology,,Breast Cancer,RADIATION: Phase I; RADIATION: Phase II,2021-07-31,2029-03,2024-08-05,1,Italy,"This is a phase I/II, single-arm and open-label single-centre clinical trial with the aim to test the feasibility, safety and the efficacy, in terms of complete pathological response, of preoperative ablative radiotherapy in single fraction for selected breast cancer patients.",2026-06-22T20:32:14.940Z
NCT07025005,https://clinicaltrials.gov/study/NCT07025005,"Fenofibrate Role in the Prophylaxis From Peripheral Neuropathy Induced by Bortezomib, Lenalidomide and Dexamethasone (VRd) Protocol in the Treatment of Patients With Multiple Myeloma (MM)",RECRUITING,PHASE4,INTERVENTIONAL,44,Tanta University,,"Peripheral Neuropathy; Multiple Myeloma, Neoplasms",DRUG: Bortezomib + Lenalidomide + Dexamethasone + Fenofibrate 160 mg tablet; DRUG: Bortezomib + Lenalidomide + Dexamethasone,2025-08-30,2026-09-30,2025-11-04,2,Egypt,"This study aims at evaluating the possible beneficial role of Fenofibrate in attenuating the peripheral neuropathy associated with bortezomib (velcade), lenalidomide (revlimid), and dexamethasone (VRd) regimen in newly diagnosed multiple myeloma patients.The study aims to asses VRd protocol induced peripheral neuropathy through:

1. The implication of National Cancer Institute Common Terminology Criteria for Adverse Events (NCI-CTCAE, Version 5, 2017) and The use of Neurotoxicity-12 items questionnaire score (Ntx-12) from the validated Functional Assessment of Cancer Therapy/Gynecologic Oncology Group ""FACT/GOG-Ntx-12 for grading of neuropathy at baseline and by the end of every two VRd cycles.
2. The assessment of biological markers:

Brain -derived neurotrophic factor (BDNF) and Neuro-filament light chain (NfL). through comparing two groups: Group one: (Control group; n=22): which will receive 6 cycles of VRd regimen (each cycle will be given every 28 days).

Group two: (Fenofibrate group; n=22): which will receive the same regimen plus Fenofibrate 160 mg once daily.",2026-06-22T20:32:14.970Z
NCT06011954,https://clinicaltrials.gov/study/NCT06011954,A Study to Survey Adults in South Korea With Cancer Who Receive PADCEV Injection,RECRUITING,,OBSERVATIONAL,202,"Astellas Pharma Korea, Inc.",Seagen Inc.,Urothelial Cancer,DRUG: Enfortumab Vedotin,2023-11-01,2027-07-31,2026-05-14,18,South Korea,"Enfortumab vedotin (or PADCEV Injection) is a treatment for cancer in the bladder lining (urothelial cancer). PADCEV Injection is now available to treat this cancer.

People in this study will be adults in South Korea with locally advanced or metastatic urothelial cancer. Metastatic means the cancer has spread to other parts of the body. During their care, the person's doctor will have prescribed PADCEV Injection and other medicines to treat their cancer. People in the study will be treated according to their clinic's standard practice. This study is about collecting information only.

This study will survey people who know they are receiving PADCEV Injection. The aims of the study are to check outcomes of treatment with PADCEV and record any medical problems during the study.

Once a doctor has prescribed PADCEV Injection, a person in the study will be observed for up to 48 weeks (about 1 year) after their first dose. During this time, a person's medical records will be reviewed to check for any medical problems and to follow the condition of their cancer. If a person in the study stops taking PADCEV Injection sooner than 48 weeks, records will be reviewed until 30 days (1 month) after each person's last dose of PADCEV Injection or until they start a different medicine for their cancer.",2026-06-22T20:32:14.995Z
NCT04733729,https://clinicaltrials.gov/study/NCT04733729,Covid-19 in Hematological Malignancies,RECRUITING,,OBSERVATIONAL,3000,Sorveglianza Epidemiologica Infezioni Fungine Emopatie Maligne,European Hematology Association,COVID-19 Infection in Hematological Malignancies Patients,,2020-03-01,2025-12-31,2025-05-29,6,Italy,"The overall purpose of this project is to better understand the epidemiology of COVID-19 in patients with hematological malignancies (including hematopoietic stem cell transplant recipients) in the different European Countries. The results obtained will allow us to better know the prevalence of this complication in the different categories of patients with hematological malignancies (HMs). In order to attain the objectives previously described we will develop a multicentre, international, observational, retrospective and prospective study of consecutive cases of COVID-19 among HMs. There will be a clinical follow-up of the patients included in this study to observe the survival rate. Data collected form this study will be evaluated with a descriptive analysis.",2026-06-22T20:32:15.030Z
NCT04935853,https://clinicaltrials.gov/study/NCT04935853,Prognostic and Predictive Markers of Response to Treatment in Patients With Bile Duct Cancer: ACABi PRONOBIL Study,RECRUITING,,OBSERVATIONAL,1350,GERCOR - Multidisciplinary Oncology Cooperative Group,,Biliary Tract Cancer,,2022-05-23,2040-06-01,2025-07-23,32,France,"The objective of this study is to identify prognosis and predictive markers of response to treatments (surgery, chemotherapy, targeted therapy,loco-regional treatments ) in patients with bile duct cancer. The effectiveness and tolerance of these treatments in current practice will also be evaluated.",2026-06-22T20:32:15.056Z
NCT07407153,https://clinicaltrials.gov/study/NCT07407153,Triaging of Women Detected With a Breast Lump on Clinical Breast Examination Using Portable Ultrasound Device,RECRUITING,NA,INTERVENTIONAL,600,International Agency for Research on Cancer,Dharmais National Cancer Center Hospital,Breast Cancer,DIAGNOSTIC_TEST: Portable ultrasound device,2025-06-01,2028-04-30,2026-02-12,1,Indonesia,"This study aims to stratify women diagnosed with a lump in the breast by clinical breast examination(CBE) using a hand-held ultrasound machine. They will be stratified either with benign or potentially malignant lesion. As most of the lesions identified by CBE are benign, stratifying them (triage) avoids the unnecessary procedures in terms of mammography and biopsy. This will also reduce the burden in the further assessment sites, and provide better quality services in these places.",2026-06-22T20:32:15.076Z
NCT04772937,https://clinicaltrials.gov/study/NCT04772937,Comparison of LLETZ Versus LEEP for the Treatment of Cervical Dysplasia,RECRUITING,NA,INTERVENTIONAL,206,Ruhr University of Bochum,,Cervical Dysplasia,PROCEDURE: LLETZ; PROCEDURE: LEEP,2021-06-07,2025-11,2025-01-30,1,Germany,"Cervical dysplasia is the precursor of cervical cancer. LEEP and LLETZ are standard surgical procedures to treat cervical dysplasia. There is no direct head-to-head comparison between LEEP and LLETZ in the literature regarding oncologic safety, for which complete resection of the dysplastic lesion (so-called 'in-sano resection') is the most appropriate postoperative surrogate parameter. Further clinical studies are therefore useful to optimize surgical therapy for cervical dysplasia.

The primary objective of the present study is to compare LLETZ (resection of the dysplastic lesion including the transformation zone) with targeted resection of the colposcopically conspicuous lesion only (LEEP) and to compare it with regard to oncological safety (defined as non-in-sano rate).",2026-06-22T20:32:15.101Z
NCT06684639,https://clinicaltrials.gov/study/NCT06684639,A Study on the Efficacy of GD2-CAR T Cells in the Treatment of Neuroblastoma,RECRUITING,EARLY_PHASE1,INTERVENTIONAL,30,The General Hospital of Western Theater Command,Yake Biotechnology Ltd.,Neuroblastoma,BIOLOGICAL: GD2-CAR-T cell,2024-12-01,2030-12-01,2024-12-20,1,China,"Neuroblastoma (NB) is a malignant tumor of the sympathetic nervous system.Chemotherapy and autologous hematopoietic stem cell transplantation are the main treatments for neuroblastoma, and the prognosis of patients with high-risk recurrence and refractory treatment is very poor. There is a large unmet medical need in patients with relapsed refractory neuroblastoma, and further research into new therapeutic approaches is needed for these patients.GD2 is a dissialic ganglioside expressed by neuroectodermal tumors. The proportion of GD2 expression in neuroblastoma is up to 100%, so GD2 is a specific target for neuroblastoma immunotherapy and an ideal target for CAR-T treatment of neuroblastoma.",2026-06-22T20:32:15.131Z
NCT04020575,https://clinicaltrials.gov/study/NCT04020575,Autologous huMNC2-CAR44 or huMNC2-CAR22 T Cells for Breast Cancer Targeting Cleaved Form of MUC1 (MUC1*),RECRUITING,PHASE1,INTERVENTIONAL,69,Minerva Biotechnologies Corporation,City of Hope Medical Center,Metastatic Breast Cancer,BIOLOGICAL: huMNC2-CAR44 CAR T cells or huMNC2-CAR22 CAR T cells; BIOLOGICAL: huMNC2-CAR44 CAR T cells or huMNC2-CAR22 CAR T cells @ RP2D,2020-01-15,2035-01-15,2023-06-18,1,United States,"Phase I/II study of adoptive immunotherapy for advanced MUC1\* positive breast cancer with autologous T cells engineered to express either a chimeric antigen receptor, huMNC2-CAR44 or huMNC2-CAR22, which are specific for a cleaved form of MUC1 (MUC1\*).",2026-06-22T20:32:15.176Z
NCT06821880,https://clinicaltrials.gov/study/NCT06821880,Developing a Patient-Reported Outcome (PRO) Screening Measure for Infections and Measuring Quality of Life in Hematological Patients With Secondary Immunodeficiency (SID) Across the Treatment Trajectory - The PRO SID Project,RECRUITING,,OBSERVATIONAL,120,Medical University Innsbruck,,Chronic Lymphocytic Leukaemia (CLL); Multiple Myeloma (MM); Secondary Immunodeficiency (SID),,2025-02-03,2026-07,2025-02-12,5,Austria; Germany,"The goal of this observational study is to improve the treatment of hematological patients with secondary immunodeficiency (SID) by developing a patient-reported outcome (PRO) instrument to detect clinically diagnosed infections. The study focuses on adults diagnosed with chronic lymphocytic leukemia (CLL) or multiple myeloma (MM) who are at increased risk of infections due to SID.

The main questions it aims to answer are:

1. Can a newly developed PRO screening tool for infection-related symptoms reliably detect infections in patients with SID?
2. How does the health-related quality of life change over the treatment course

Participants will:

* Complete daily electronic PRO questionnaires (ePRO) to monitor infection-related symptoms
* Complete ePRO health-related quality of life questionnaires every 1.5 months
* Participate in study visits every three months to ensure documentation of clinical data",2026-06-22T20:32:15.206Z
NCT06607796,https://clinicaltrials.gov/study/NCT06607796,Efficacy and Safety of Intratumoral Toluenesulfonamide (PTS) Injection in Stage IV Driver Gene-Negative NSCLC With/Without Chemoimmunotherapy,RECRUITING,PHASE3,INTERVENTIONAL,180,Zhou Chengzhi,,Lung Cancer,DRUG: Toluenesulfonamide (PTS) Intratumoral Injection,2024-03-01,2026-12,2024-09-25,1,China,The aim of this study was to evaluate the efficacy and safety of intratumoral injection of toluenesulfonamide(PTS) in combination with or without first-line chemoimmunization based on standard treatment for stage IV driver gene-negative non-small cell lung cancer.,2026-06-22T20:32:15.236Z
NCT07542496,https://clinicaltrials.gov/study/NCT07542496,Real-world Bicohort Observational Study of a Pertuzumab Biosimilar in the Treatment of Breast Cancer: in the Neoadjuvant Setting and in First-line Metastatic Disease,RECRUITING,,OBSERVATIONAL,1000,Société Algérienne de Formation et Recherche en Oncologie,ES Clinical Research; AlgenPharm,Breast Cancer; Her 2 Positive Breast Cancer,,2026-01-15,2027-01-15,2026-04-21,2,Algeria,"The goal of this observational study is to describe the real-world utilization patterns of a pertuzumab biosimilar and to evaluate its clinical outcomes in patients with breast cancer in both neoadjuvant and metastatic settings. It also aims to assess pathological complete response (pCR), disease-free survival (DFS) in the neoadjuvant cohort, progression-free survival (PFS) in the metastatic cohort, overall survival (OS), treatment response, and safety and tolerability (adverse events according to CTCAE) across both cohorts.",2026-06-22T20:32:15.261Z
NCT07499362,https://clinicaltrials.gov/study/NCT07499362,Study of Pimicotinib in Japanese Participants With Tenosynovial Giant Cell Tumor (TGCT) (J-MANEUVER),RECRUITING,PHASE2,INTERVENTIONAL,20,"Merck Healthcare KGaA, Darmstadt, Germany, an affiliate of Merck KGaA, Darmstadt, Germany","Merck KGaA, Darmstadt, Germany",Tenosynovial Giant Cell Tumor,DRUG: Pimicotinib,2026-03-26,2029-11-22,2026-06-16,3,Japan,"The primary purpose of this study is to assess the tolerability, pharmacokinetics, and efficacy of pimicotinib in Japanese participants with TGCT",2026-06-22T20:32:15.284Z
NCT05889546,https://clinicaltrials.gov/study/NCT05889546,Rapid Autopsy Protocol for Patients With Small Cell Lung Cancer,RECRUITING,,OBSERVATIONAL,30,Indiana University,,Small Cell Lung Cancer,PROCEDURE: Biospecimen Collection,2022-08-31,2031-12-31,2025-07-20,3,United States,This is pilot study to establish a rapid autopsy program in Small Cell Lung Cancer (SCLC) at the Indiana University Simon Comprehensive Cancer Center and outline the components necessary for tumor tissue collection.,2026-06-22T20:32:15.348Z
NCT06859762,https://clinicaltrials.gov/study/NCT06859762,A First-in-Human Study of YL217 in Patients With Advanced Solid Tumors,RECRUITING,PHASE1,INTERVENTIONAL,220,"MediLink Therapeutics (Suzhou) Co., Ltd.",,Advanced Solid Tumor,DRUG: YL217; DRUG: YL217; DRUG: YL217,2025-07-02,2027-07,2026-01-14,19,United States; China,A Phase 1 First-in-Human study of YL217 in Patients with Advanced Solid Tumors,2026-06-22T20:32:15.375Z
NCT06088888,https://clinicaltrials.gov/study/NCT06088888,TGRX-678 US Phase I for Subjects with Refractory or Advanced Chronic Myelogenous Leukemia,RECRUITING,PHASE1,INTERVENTIONAL,90,"Shenzhen TargetRx Co., Ltd.",M.D. Anderson Cancer Center,Chronic Myelogenous Leukemia,DRUG: TGRX-678,2024-07-02,2027-06-30,2025-02-21,2,United States,"The purpose of this single-arm, open-label, dose escalation + cohort expansion study is to evaluate the safety, tolerability, pharmacokinetic and preliminary efficacy of TGRX-678 in Chronic Myelogenous Leukemia patients who had failure with or are intolerant to TKI treatments.",2026-06-22T20:32:15.399Z
NCT06397703,https://clinicaltrials.gov/study/NCT06397703,ADT and SBRT vs SBRT Alone for Unfavorable Intermediate Risk Prostate Cancer,RECRUITING,PHASE2,INTERVENTIONAL,392,NYU Langone Health,,Prostate Cancer,"DRUG: Leuprolide, Degarelix or Relugolix; RADIATION: Stereotactic body radiation therapy/radiosurgery (SBRT)",2024-04-16,2031-04-16,2026-01-28,1,United States,"For this study, unfavorable intermediate risk prostate cancer patients will select whether they are to be treated with the standard of care (SOC) 6 months of Androgen Deprivation Therapy (ADT) in conjunction with stereotactic body radiation therapy/radiosurgery (SBRT) directed to the prostate versus SBRT alone. The patient population will include those with National Comprehensive Cancer Network (NCCN)-defined unfavorable intermediate risk disease. All patients will be followed every 6 months for up to 5 years from the first patient treated and will undergo a routine 24-30 months post-SBRT prostate biopsy to assess for local tumor control.",2026-06-22T20:32:15.443Z
NCT07396454,https://clinicaltrials.gov/study/NCT07396454,Study on the Treatment of HER2-negative Breast Cancer Brain Metastases With Radiotherapy Combined With Anlotinib,RECRUITING,PHASE2,INTERVENTIONAL,39,The First Affiliated Hospital with Nanjing Medical University,,HER2-Negative Breast Cancer,DRUG: Radiotherapy Combined with Anlotinib and a Microtubule Inhibitor,2026-02-10,2028-06-01,2026-02-09,1,China,"Angiogenesis inhibition represents a significant therapeutic target in breast cancer; however, despite its theoretical feasibility, progress in advanced breast cancer has been slow. Currently, there is a lack of prospective data supporting the selection of tyrosine kinase inhibitors (TKIs) in combination with local therapy. This phase II study aims to evaluate the efficacy and safety of stereotactic radiotherapy (SRT) or whole-brain radiotherapy (WBRT) combined with anlotinib in patients with HER2-negative advanced breast cancer and brain metastases.",2026-06-22T20:32:15.465Z
NCT06550102,https://clinicaltrials.gov/study/NCT06550102,Drug Response Profiling (DRP) Registry Zurich for Hematological Malignancies,RECRUITING,,OBSERVATIONAL,1000,"University Children's Hospital, Zurich",,Hematological Malignancies,,2022-01-04,2031-12-31,2024-08-15,1,Switzerland,"This study is a prospective, non-randomized feasibility study of drug response profiling (DRP) in pediatric blood cancers. Primary cancer cells are isolated from patients and screened ex vivo at single-cell resolution using automated fluorescence microscopy. Drug sensitivity fingerprints are integrated with genetic annotations to inform the treating physician about personalized treatment options. The study aims to determine the practicability of real-time drug response profiling and its actionability in identifying patient-specific cancer dependencies in refractory disease settings.",2026-06-22T20:32:15.495Z
NCT04830137,https://clinicaltrials.gov/study/NCT04830137,A Study of NX-2127 in Adults With Relapsed/Refractory B-cell Malignancies,RECRUITING,PHASE1,INTERVENTIONAL,248,"Nurix Therapeutics, Inc.",,Chronic Lymphocytic Leukemia (CLL); Small Lymphocytic Lymphoma (SLL); Waldenstrom Macroglobulinemia (WM); Mantle Cell Lymphoma (MCL); Marginal Zone Lymphoma (MZL); Follicular Lymphoma (FL); Diffuse Large B-cell Lymphoma (DLBCL); Primary Central Nervous System Lymphoma (PCNSL),DRUG: NX-2127,2021-05-05,2027-05,2026-03-20,16,United States,"This is a first-in-human Phase 1a/1b multicenter, open-label oncology study designed to evaluate the safety and anti-cancer activity of NX-2127 in patients with advanced B-cell malignancies.",2026-06-22T20:32:15.532Z
NCT03592472,https://clinicaltrials.gov/study/NCT03592472,A Study of Pazopanib With or Without Abexinostat in Patients With Locally Advanced or Metastatic Renal Cell Carcinoma (RENAVIV),RECRUITING,PHASE3,INTERVENTIONAL,413,"Xynomic Pharmaceuticals, Inc.",,Renal Cell Carcinoma,DRUG: Pazopanib; DRUG: Abexinostat; OTHER: Placebo,2018-07-17,2028-06-30,2025-04-13,38,United States; China; Italy; Poland; South Korea; Spain,"This is a randomized, Phase 3, double-blind, placebo-controlled study of pazopanib plus abexinostat versus pazopanib plus placebo in patients with locally advanced unresectable or metastatic renal cell carcinoma (RCC).",2026-06-22T20:32:15.559Z
NCT07486713,https://clinicaltrials.gov/study/NCT07486713,Olutasidenib DDI Study in Patients With IDH1 Mutation Positive Malignancies,RECRUITING,PHASE4,INTERVENTIONAL,16,Rigel Pharmaceuticals,,AML (Acute Myeloid Leukemia); Glioma; Cholangiocarcinoma; Solid Tumor Malignancies,"DRUG: Olutasidenib; DRUG: CYP1A2, CYP2B6, CYP2C8, CYP2C9, CYP2C19, CYP3A4, and OATP1B1 Probe Substrates",2026-02-23,2027-06-30,2026-06-05,2,United States,A open-label drug-drug interaction (DDI) study to evaluate the effects of olutasidenib on the pharmacokinetics (PK) of a CYP450 and OATP1B1 probe substrate cocktail in participants with IDH1 mutation-positive malignancies.,2026-06-22T20:32:15.581Z
NCT04453813,https://clinicaltrials.gov/study/NCT04453813,Toripalimab Plus Concurrent Chemo-radiotherapy for Unresectable Locally Recurrent Nasopharyngeal Carcinoma,RECRUITING,PHASE3,INTERVENTIONAL,226,Sun Yat-sen University,"Affiliated Cancer Hospital & Institute of Guangzhou Medical University; Zhongshan People's Hospital, Guangdong, China; Yuebei People's Hospital; Wuzhou Red Cross Hospital; Fifth Affiliated Hospital, Sun Yat-Sen University",Nasopharyngeal Carcinoma; Chemotherapy; Radiotherapy; PD-1 Treatment,DRUG: Toripalimab plus concurrent chemo-radiotherapy; DRUG: Concurrent chemo-radiotherapy,2020-07-03,2027-07,2020-09-28,6,China,"Through multicenter, open-label, randomised clinical trials, we intend to demonstrate that concurrent and adjuvant PD-1 treatment added to concurrent chemo-radiotherapy could further decrease the rate of disease progression and improve the survival outcome of patients with unresectable locally recurrent nasopharyngeal carcinoma compared with those treated with concurrent chemo-radiotherapy alone.",2026-06-22T20:32:15.607Z
NCT05530096,https://clinicaltrials.gov/study/NCT05530096,Telo Genomics Technology to Detect & Profile Multiple Myeloma MRD,RECRUITING,,OBSERVATIONAL,70,Sir Mortimer B. Davis - Jewish General Hospital,,Multiple Myeloma,DIAGNOSTIC_TEST: Standard of care,2024-05-01,2028-09,2025-04-03,1,Canada,"The purpose :

Detect and profile Multiple myeloma Measurable Residual Disease(MRD) prognostics for monitoring post-transplant Multiple Myeloma (MM) Patients receiving maintenance therapy.",2026-06-22T20:32:15.633Z
NCT06688383,https://clinicaltrials.gov/study/NCT06688383,"Anastomotic Leakage After Right Hemicolectomy for Cancer, a Prospective Multicenter Study of SICO-CC Network",RECRUITING,,OBSERVATIONAL,1839,San Luigi Gonzaga Hospital,,Anastomotic Leak Large Intestine; Right Colon Tumors,,2021-01-01,2026-06,2024-11-14,1,Italy,"This is a nationwide prospective observational study to assess the overall clinical anastomotic leakage rate after right hemicolectomy for cancer, to detect the independent risk factors for AL, and to develop a clinical prediction model to estimates of the probability of the occurrence of an AL after surgery. Since this is a multicenter prospective study, the Division of Surgical Oncology and Digestive Surgery from the University of Turin, Department of Oncology, AOU San Luigi Gonzaga di Orbassano will be the Coordinator Center of the study, Ethics committee approves will be requested before the implementation of this study.

Italian high-volume colorectal surgery centers members of SICO (The Italian Society of Oncological Surgery) have agreed to participate as collaborators of this study, notification and revision from their local ethics committee will be requested as well. A certified general surgeon with a large experience in the preoperative, operative, and postoperative management of patients with colorectal cancer has been identified to coordinate the study in each center. Id information of the potential collaborators is specified in the section ""Trial Setting"". Once the study is activated, eligible patients (or a representative) must provide written, informed consent before any study procedures occur. No intervention or modification of the habitual clinical practice is planned All data will enter into a database provided by the promoting center. There are three main sections of data collection for each patient:

* Preoperative: baseline, disease and demographics.
* Operative: details about the surgery, anastomosis construction and enterotomy closure.
* Follow-up: outcomes data about the early (within 30 postoperative day) and late postoperative course (31 th - 60th postoperative day) and pathology report. The definition of AL is based on the presence of clinical signs (pain, fever, tachycardia, peritonitis, feculent or enteric drainage, purulent drainage, postoperative ileus, abscess, septicemia, and/or organ failure) with radiographic signs (fluid collections, gas containing collections at CT scan) suggestive of AL and-or intraoperative or autopsy findings (gross enteric spillage, anastomotic disruption). The absence of AL will be assumed by a normal postoperative course and the absence of symptoms suggestive of AL with or without radiologic confirmation.",2026-06-22T20:32:15.662Z
NCT06793241,https://clinicaltrials.gov/study/NCT06793241,Donor Derived CD19 CAR-T Cells in the Treatment of R/R B-cell Acute Lymphoblastic Leukemia,RECRUITING,EARLY_PHASE1,INTERVENTIONAL,15,Zhejiang University,Yake Biotechnology Ltd.,B-cell Acute Lymphoblastic Leukemia,BIOLOGICAL: CD19 B-cell Acute Lymphoblastic Leukemia Targeted CAR T-cells injection,2025-01-31,2028-01-31,2025-01-27,1,China,A Clinical Study on the Safety and Effectiveness of donor derived CD19 CAR-T Cells in the treatment of R/R B-cell acute lymphoblastic leukemia,2026-06-22T20:32:15.692Z
NCT06736054,https://clinicaltrials.gov/study/NCT06736054,A Phase I Trial of 61Cu-NODAGA-PSMA for Patients with Prostate Cancer,RECRUITING,PHASE1,INTERVENTIONAL,8,Hoag Memorial Hospital Presbyterian,,Prostate Adenocarcinoma,DRUG: Copper 61-PSMA PET/CT,2024-10-14,2025-03-31,2024-12-16,1,United States,"Molecular Imaging (MI) uses tracers which emit radiation to provide clinically valuable imaging for patient with cancer. Most current MI agents utilize Fluorine 18 or Gallium 68 as the positron emitter for PET imaging. However, these isotopes have short half-lives which limit the geographic distribution range of tracers made with these isotopes. Copper 61 (61Cu) has a 3.3 hour half-life, which would allow for far greater distribution range following radiotracer production.

This phase I trial will test the safety and effectiveness of a novel MI radiotracer that uses 61Cu as its positron emitting isotope and targets Prostate Specific Membrane Antigen (PSMA) for imaging prostate cancer. A successful trial will provide the ability to advance this novel 61Cu-NODAGA-PSMA radioisotope into phase II trials, as well as open a new paradigm into the production of MI radioisotopes with 61Cu.",2026-06-22T20:32:15.722Z
NCT02259556,https://clinicaltrials.gov/study/NCT02259556,CD30-directed Chimeric Antigen Receptor T (CART30) Therapy in Relapsed and Refractory CD30 Positive Lymphomas,RECRUITING,"PHASE1, PHASE2",INTERVENTIONAL,30,Chinese PLA General Hospital,,Hodgkin's Lymphoma; Non-Hodgkin's Lymphoma,BIOLOGICAL: CART30,2014-10,2029-10,2016-01-28,1,China,"Chimeric antigen receptor-modified T cells (CART) holds great promise for treatment of tumors. In this trial, CD30 positive Hodgkin's lymphoma and Non-Hodgkin's lymphoma will be treated by CD30-specific CART cells (CART30).",2026-06-22T20:32:15.750Z
NCT06522737,https://clinicaltrials.gov/study/NCT06522737,A Study of Duvelisib Versus Gemcitabine or Bendamustine in Participants With Relapsed/Refractory Nodal T Cell Lymphoma With T Follicular Helper (TFH) Phenotype,RECRUITING,PHASE3,INTERVENTIONAL,124,SecuraBio,,Lymphoma,DRUG: Duvelisib; DRUG: Gemcitabine; DRUG: Bendamustine,2025-05-19,2028-12,2026-04-06,44,Belgium; Czechia; Denmark; France; Germany; Italy; Netherlands; Poland; Spain; United Kingdom,The study will evaluate the progression-free survival benefit of duvelisib monotherapy as compared to investigator's choice of gemcitabine or bendamustine in participants with relapsed/refractory nodal T cell lymphoma with TFH phenotype.,2026-06-22T20:32:15.776Z
NCT07240662,https://clinicaltrials.gov/study/NCT07240662,Vorasidenib in CNS WHO Grade 2 IDH-mutant Diffuse Glioma,RECRUITING,,OBSERVATIONAL,150,iOMEDICO AG,,Glioma,DRUG: Vorasidenib,2025-12-08,2032-01,2026-01-09,1,Germany,"The goal of this prospective, observational study VIOLETA is to collect real-world data on vorasidenib treatment in a broad patient population. Though vorasidenib can be administered from 12 years old, VIOLETA focuses on adult patients with IDH1- or IDH2-mutant WHO grade 2 glioma who receive vorasidenib following surgery according to the current SmPC. Thus, VIOLETA will evaluate for the first-time treatment with vorasidenib in German clinical routine. To gain knowledge about how vorasidenib treatment affects patients' well-being, the primary objective of the study is to assess patients' quality of life. Further patient-relevant endpoints addressed by this study will include seizure burden, PFS, Objective Response Rate (ORR), TTNI, safety as well as factors affecting treatment decision making.",2026-06-22T20:32:15.810Z
NCT06063486,https://clinicaltrials.gov/study/NCT06063486,"Curcumin to Improve Inflammation and Symptoms in Patients With Clonal Cytopenia of Undetermined Significance, Low Risk Myelodysplastic Syndrome, and Myeloproliferative Neoplasms",RECRUITING,PHASE2,INTERVENTIONAL,30,University of Southern California,National Cancer Institute (NCI),Clonal Cytopenia of Undetermined Significance; Essential Thrombocythemia; Myelodysplastic Syndrome; Myelofibrosis; Polycythemia Vera,PROCEDURE: Biospecimen Collection; PROCEDURE: Bone Marrow Aspiration; PROCEDURE: Bone Marrow Biopsy; DIETARY_SUPPLEMENT: Curcumin/ Demethoxycurcumin/Bisdemethoxycurcumin-containing Supplement; DIETARY_SUPPLEMENT: Piperine Extract (Standardized); DRUG: Placebo Administration; OTHER: Questionnaire Administration,2024-03-01,2027-03-01,2026-03-27,2,United States,"This phase II trial evaluates how a curcumin supplement (C3 complex/Bioperine) changes the inflammatory response and symptomatology in patients with clonal cytopenia of undetermined significance (CCUS), low risk myelodysplastic syndrome (LR-MDS), and myeloproliferative neoplasms (MPN). Chronic inflammation drives disease development and contributes to symptoms experienced by patients with CCUS, LR-MDS, and MPN. Curcumin has been shown to have anti-inflammatory and anti-cancer properties and has been studied in various chronic illnesses and hematologic diseases.",2026-06-22T20:32:15.834Z
NCT05229341,https://clinicaltrials.gov/study/NCT05229341,Evaluation of DNA Methylation Signatures for the Diagnosis and Management of Thyroid Nodules,RECRUITING,NA,INTERVENTIONAL,1450,City of Hope Medical Center,National Cancer Institute (NCI),Thyroid Gland Carcinoma,PROCEDURE: Diagnostic Procedure; OTHER: Electronic Health Record Review; PROCEDURE: Needle Biopsy,2021-10-22,2026-10-22,2026-02-23,1,United States,This clinical trial evaluates deoxyribonucleic acid (DNA) methylation signatures in diagnosing and managing thyroid nodules. The purpose of this research is to develop a new test for thyroid cancer. This test will use needle biopsies (small collections of tissue with a needle) from the thyroid to determine whether the participant has a malignant (cancer) or benign (not showing cancer) thyroid tumor. The information learned from this trial may help develop a more accurate test so that patients do not have unnecessary surgeries for nodules that are thought to be suspicious but are actually benign.,2026-06-22T20:32:15.858Z
NCT06441994,https://clinicaltrials.gov/study/NCT06441994,Clinical Trial of Targeted Alpha Therapy Using [At-211]PSMA-5 for Prostate Cancer,RECRUITING,PHASE1,INTERVENTIONAL,15,Osaka University,Japan Agency for Medical Research and Development,Prostate Cancer,DRUG: PSW-1025,2024-05-24,2027-03-31,2025-07-31,1,Japan,"PSW-1025 is administered intravenously to patients with castration-resistant prostate cancer to evaluate its tolerability, safety, pharmacokinetics, absorbed dose, and efficacy, as well as to determine the recommended dose for Phase II.",2026-06-22T20:32:15.883Z
NCT07034053,https://clinicaltrials.gov/study/NCT07034053,Clofarabine Therapy in Locally Advanced or Metastatic Urothelial Carcinoma,RECRUITING,"PHASE1, PHASE2",INTERVENTIONAL,50,Ekaterina Laukhtina,,Advanced Urothelial Carcinoma; Metastatic Urothelial Cancer,DRUG: Clofarabine,2023-10-24,2028-11,2025-06-26,1,Austria,"This phase 1/2 study will evaluate the maximum tolerated dose, efficacy, and safety of clofarabine in patients with advanced or metastatic urothelial cancer.",2026-06-22T20:32:15.906Z
NCT06315595,https://clinicaltrials.gov/study/NCT06315595,Improvements in Dynamic Contrast-Enhanced MR Angiography and Perfusion and Non-Contrast MRI,RECRUITING,,OBSERVATIONAL,1000,Mayo Clinic,National Institute for Biomedical Imaging and Bioengineering (NIBIB); National Cancer Institute (NCI),Prostate Neoplasm,OTHER: Non-Interventional Study,2015-09-30,2030-09-30,2026-04-17,2,United States,This study evaluates if technical improvements in MRI can be used to provide improved performance contrast-enhanced MRI as used for angiography and perfusion as well as in non-contrast MRI.,2026-06-22T20:32:15.934Z
NCT06992986,https://clinicaltrials.gov/study/NCT06992986,"Urinary Microbiome Differences in Bladder Cancer, Benign Urinary Diseases and Healthy Counterparts in Adult Male Population",RECRUITING,,OBSERVATIONAL,50,Regina Elena Cancer Institute,,Bladder Cancer,OTHER: Investigating differences in the bladder microbiome,2024-02-06,2025-07-06,2025-05-28,1,Italy,"The study aims to investigate alterations in the bladder microbiome in adult men with bladder cancer, healthy men, and men with benign urinary disease",2026-06-22T20:32:15.958Z
NCT04892173,https://clinicaltrials.gov/study/NCT04892173,JNJ-90301900 (NBTXR3) Activated by Radiotherapy With or Without Cetuximab in LA-HNSCC,RECRUITING,PHASE3,INTERVENTIONAL,500,Johnson & Johnson Enterprise Innovation Inc.,,"Carcinoma, Squamous Cell",DRUG: JNJ-90301900 (NBTXR3); DRUG: Cetuximab; RADIATION: Radiation Therapy,2021-12-10,2028-06-30,2026-06-05,191,United States; Austria; Belgium; Brazil; Bulgaria; Canada; China; Croatia; Czechia; Finland; France; Georgia; Germany; Greece; Hungary; India; Israel; Japan; Philippines; Portugal; Romania; Serbia; South Korea; Spain; Sweden; Taiwan; United Kingdom,"This is a global, open-label, randomized, 2-arm, Investigator's choice Phase 3 (Pivotal Stage) study to investigate the efficacy and safety of JNJ-90301900 (NBTXR3) / radiation therapy (RT)±cetuximab versus RT±cetuximab in treatment-naïve, platinum-ineligible, elderly participants with locally advanced head and neck squamous cell carcinoma (LA-HNSCC).",2026-06-22T20:32:15.981Z
