awardId,recipient,ticker,amount,awardingAgency,awardingSubAgency,startDate,description,url
DEAC5207NA27344,"LAWRENCE LIVERMORE NATIONAL SECURITY, LLC",,41068913543.51,Department of Energy,Department of Energy,2007-05-09,"TAS::89 0240::TAS THIS PERFORMANCE-BASED MANAGEMENT CONTRACT (PBMC) IS FOR THE MANAGEMENT AND OPERATION OF THE LAWRENCE LIVERMORE NATIONAL LABORATORY (LLNL). THE CONTRACTOR SHALL, IN ACCORDANCE WITH T",https://www.usaspending.gov/award/CONT_AWD_DEAC5207NA27344_8900_-NONE-_-NONE-
N0001917C0001,LOCKHEED MARTIN CORPORATION,LMT,35135514910.2,Department of Defense,Department of the Navy,2017-11-17,LRIP LOT 12 ADVANCE ACQUISITION CONTRACT,https://www.usaspending.gov/award/CONT_AWD_N0001917C0001_9700_-NONE-_-NONE-
FA862511C6600,THE BOEING COMPANY,BA,31960918249.03,Department of Defense,Department of the Air Force,2011-02-24,KC-X MODERNIZATION PROGRAM,https://www.usaspending.gov/award/CONT_AWD_FA862511C6600_9700_-NONE-_-NONE-
N0001920C0009,LOCKHEED MARTIN CORPORATION,LMT,30140182630.06,Department of Defense,Defense Contract Management Agency,2019-11-26,THE PURPOSE OF THIS MODIFICATION IS TO AWARD F-35A LRIP 15 USAF  AIRCRAFT* LONG LEAD FUNDING,https://www.usaspending.gov/award/CONT_AWD_N0001920C0009_9700_-NONE-_-NONE-
N0001923C0003,LOCKHEED MARTIN CORPORATION,LMT,24499972568.0,Department of Defense,Department of the Navy,2022-12-23,"THE PURPOSE OF THIS CONTRACT IS TO AWARD LONG LEAD FUNDING FOR F-35A, F-35B, AND F-35C AIRCRAFT FOR U.S. SERVICES, NON-DOD PARTNERS, AND FMS CUSTOMERS",https://www.usaspending.gov/award/CONT_AWD_N0001923C0003_9700_-NONE-_-NONE-
NAS1510000,THE BOEING COMPANY,BA,22437793940.54,National Aeronautics and Space Administration,National Aeronautics and Space Administration,1993-11-15,INTERNATIONAL SPACE STATION,https://www.usaspending.gov/award/CONT_AWD_NAS1510000_8000_-NONE-_-NONE-
HT940210C0002,"HEALTH NET FEDERAL SERVICES, LLC",,19414789943.3,Department of Defense,Defense Health Agency,2010-05-13,PROVIDE MANAGED CARE SUPPORT TO THE DEPARTMENT OF DEFENSE TRICARE PROGRAM. CONTRACTOR SHALL ASSIST MILITARY HEALTH SYSTEM IN OPERATING AN INTEGRATED HEALTHCARE DELIVERY SYSTEM COMBINING RESOURCES OF T,https://www.usaspending.gov/award/CONT_AWD_HT940210C0002_9700_-NONE-_-NONE-
N0001914C0067,THE BOEING COMPANY,BA,18111838529.78,Department of Defense,Defense Contract Management Agency,2014-08-14,USN P-8A FRP II LONG LEAD MATERIAL,https://www.usaspending.gov/award/CONT_AWD_N0001914C0067_9700_-NONE-_-NONE-
N0002409C2104,ELECTRIC BOAT CORPORATION,,16238775949.0,Department of Defense,Department of the Navy,2008-12-22,CONSTRUCTION OF VIRGINIA CLASS BLOCK III SUBMARINES.,https://www.usaspending.gov/award/CONT_AWD_N0002409C2104_9700_-NONE-_-NONE-
N0001916C0033,LOCKHEED MARTIN CORPORATION,LMT,12269145508.23,Department of Defense,Defense Contract Management Agency,2015-12-21,LRIP 11 AAC,https://www.usaspending.gov/award/CONT_AWD_N0001916C0033_9700_-NONE-_-NONE-
FA821920C0006,NORTHROP GRUMMAN SYSTEMS CORP,NOC,11719559923.19,Department of Defense,Department of the Air Force,2020-09-08,GROUND-BASED STRATEGIC DETERRENT (GBSD) ENGINEERING AND MANUFACTURING DEVELOPMENT (EMD) AND EARLY PRODUCTION AND DEPLOYMENT (P&D),https://www.usaspending.gov/award/CONT_AWD_FA821920C0006_9700_-NONE-_-NONE-
FA861404C2004,THE BOEING COMPANY,BA,11086769499.68,Department of Defense,Defense Contract Management Agency,2003-10-02,,https://www.usaspending.gov/award/CONT_AWD_FA861404C2004_9700_-NONE-_-NONE-
N0001907C0001,BELL BOEING JOINT PROJECT OFFICE,,11040980157.1,Department of Defense,Defense Contract Management Agency,2007-04-02,MV-22 AIRCRAFT - FY08 (LOT 12)*,https://www.usaspending.gov/award/CONT_AWD_N0001907C0001_9700_-NONE-_-NONE-
N0001915C0003,LOCKHEED MARTIN CORPORATION,LMT,10550927664.07,Department of Defense,Defense Contract Management Agency,2015-05-26,LRIP 10 AAC,https://www.usaspending.gov/award/CONT_AWD_N0001915C0003_9700_-NONE-_-NONE-
NNM07AB03C,THE BOEING COMPANY,BA,10510304426.0,National Aeronautics and Space Administration,National Aeronautics and Space Administration,2007-09-01,"PROVIDE DEVELOPMENTAL HARDWARE AND TEST ARTICLES, AND MANUFACTURE AND ASSEMBLE ARES I UPPER STAGES. THE UPPER STAGE (US) ELEMENT IS AN INTEGRAL PART OF THE ARES I LAUNCH VEHICLE AND PROVIDES THE SECON",https://www.usaspending.gov/award/CONT_AWD_NNM07AB03C_8000_-NONE-_-NONE-
W31P4Q20C0023,LOCKHEED MARTIN CORPORATION,LMT,10478694385.9,Department of Defense,Department of the Army,2020-04-30,THE CONTRACT AWARD IS FOR THE FY21/FY22/FY23 BASE AND OPTION PRICING FOR PHASE ARRAY TRACKING RADAR TO INTERCEPT ON TARGET (PATRIOT) ADVANCED CAPABILITY-3 (PAC-3) PRODUCTION REQUIREMENTS FOR THE UNITE,https://www.usaspending.gov/award/CONT_AWD_W31P4Q20C0023_9700_-NONE-_-NONE-
F4261098C0001,NORTHROP GRUMMAN SYSTEMS CORPORATION,NOC,10009419769.13,Department of Defense,Department of the Air Force,1998-07-01,200506!000026!5700!FA8214!OO-ALC/PKME/LMKE                !F4261098C0001  !A!N! !Y!             !P01502!20041213!20050701!001563738!004179453!016435559!N!NORTHROP GRUMMAN SPACE & MISSI!888 S 2000 E   ,https://www.usaspending.gov/award/CONT_AWD_F4261098C0001_9700_-NONE-_-NONE-
W31P4Q24C0022,LOCKHEED MARTIN CORPORATION,LMT,9852834751.99,Department of Defense,Department of the Army,2024-06-28,"EXECUTE PHASED ARRAY TRACKING RADAR TO INTERCEPT ON TARGET (PATRIOT) ADVANCED CAPABILITY-3 (PAC-3) MISSILE PRODUCTION BY PROVIDING INCIDENTAL SERVICES, HARDWARE, FACILITIES, EQUIPMENT, AND TECHNICAL, ",https://www.usaspending.gov/award/CONT_AWD_W31P4Q24C0022_9700_-NONE-_-NONE-
N0002403C2101,ELECTRIC BOAT CORPORATION,,9397332305.22,Department of Defense,Department of the Navy,2003-08-14,,https://www.usaspending.gov/award/CONT_AWD_N0002403C2101_9700_-NONE-_-NONE-
HQ014717C0032,LOCKHEED MARTIN CORPORATION,LMT,9080516982.62,Department of Defense,Missile Defense Agency,2017-03-27,HQ0147-17-C-0032 UNDEFINITIZED CONTRACT ACTION (UCA) FOR THAAD INTERCEPTOR LOT 9 PRODUCTION - QTY OF 23,https://www.usaspending.gov/award/CONT_AWD_HQ014717C0032_9700_-NONE-_-NONE-
F0470102C0002,LOCKHEED MARTIN CORP,LMT,9032605785.68,Department of Defense,Defense Contract Management Agency,2001-11-16,200207!000021!5700!CZ62  !SMC/PKJ LOS ANGELES AFB         !F0470102C0002  !A!N! !N!                   !20011116!20070630!872978978!196596688!834951691!N!LOCKHEED MARTIN CORPORATION   !1111 LOCKHEED MA,https://www.usaspending.gov/award/CONT_AWD_F0470102C0002_9700_-NONE-_-NONE-
FA861108C2897,LOCKHEED MARTIN CORPORATION,LMT,8821412144.17,Department of Defense,Defense Contract Management Agency,2008-01-01,FOLLOW-ON AGILE SUSTAINMENT TO THE RAPTOR (FASTER),https://www.usaspending.gov/award/CONT_AWD_FA861108C2897_9700_-NONE-_-NONE-
N0001918C1021,RTX CORPORATION,,8688654906.89,Department of Defense,Department of the Navy,2018-03-23,LOT 12 AAC LONG LEAD FOR PROPULSION SYSTEMS,https://www.usaspending.gov/award/CONT_AWD_N0001918C1021_9700_-NONE-_-NONE-
N0001918C1037,NORTHROP GRUMMAN SYSTEMS CORPORATION,NOC,8478019987.67,Department of Defense,Department of the Navy,2018-02-15,E-2D ADVANCED HAWKEYE AIRCRAFT (FRP-7),https://www.usaspending.gov/award/CONT_AWD_N0001918C1037_9700_-NONE-_-NONE-
N0001921C0020,LOCKHEED MARTIN CORPORATION,LMT,7953264130.5,Department of Defense,Defense Contract Management Agency,2020-12-31,FY21-23 GLOBAL F-35 AIR SYSTEM SUSTAINMENT,https://www.usaspending.gov/award/CONT_AWD_N0001921C0020_9700_-NONE-_-NONE-
N0001904C3146,THE BOEING COMPANY,BA,7633729888.76,Department of Defense,Department of the Navy,2004-06-29,,https://www.usaspending.gov/award/CONT_AWD_N0001904C3146_9700_-NONE-_-NONE-
N0001920C0011,RTX CORPORATION,,7498605067.74,Department of Defense,Department of the Navy,2020-03-23,LOT 15 FMS-1 F135 CTOL PROP SYSTEM,https://www.usaspending.gov/award/CONT_AWD_N0001920C0011_9700_-NONE-_-NONE-
W58RGZ16C0023,THE BOEING COMPANY,BA,7465915207.31,Department of Defense,Department of the Army,2016-03-21,"W58RGZ-16-C-0023 IS FOR THE AWARD OF ADVANCE PROCUREMENT IN THE AMOUNT OF $184,930,000.00 TO SUPPORT LOT 7 FULL RATE PRODUCTION LONG LEAD ITEMS.",https://www.usaspending.gov/award/CONT_AWD_W58RGZ16C0023_9700_-NONE-_-NONE-
FA881018C0005,LOCKHEED MARTIN CORP,LMT,7437743474.72,Department of Defense,Department of the Air Force,2018-08-14,NEXT GENERATION OVERHEAD PERSISTENT INFRARED GEOSYNCHRONOUS EARTH ORBIT SPACE VEHICLE 1-3 PHASE 1,https://www.usaspending.gov/award/CONT_AWD_FA881018C0005_9700_-NONE-_-NONE-
N0001912C2001,BELL BOEING JOINT PROJECT OFFICE,,7337457221.95,Department of Defense,Defense Contract Management Agency,2011-12-29,PROCUREMENT OF V-22 LOT 17 LONG LEAD-TIME ITEMS,https://www.usaspending.gov/award/CONT_AWD_N0001912C2001_9700_-NONE-_-NONE-
FA862506C6456,LOCKHEED MARTIN CORP,LMT,7261932653.67,Department of Defense,Defense Contract Management Agency,2006-02-28,,https://www.usaspending.gov/award/CONT_AWD_FA862506C6456_9700_-NONE-_-NONE-
N0001911C0083,LOCKHEED MARTIN CORPORATION,LMT,7186135705.16,Department of Defense,Defense Contract Management Agency,2011-08-08,F-35 LIGHTNING II JOINT STRIKE FIGHTER (JSF) LOW RATE INITIAL PRODUCTION (LRIP) LOT 6 ADVANCE ACQUISITION CONTRACT,https://www.usaspending.gov/award/CONT_AWD_N0001911C0083_9700_-NONE-_-NONE-
N0001914C0002,LOCKHEED MARTIN CORPORATION,LMT,6998362070.51,Department of Defense,Defense Contract Management Agency,2014-03-19,LRIP 9 AIRCRAFT AAC,https://www.usaspending.gov/award/CONT_AWD_N0001914C0002_9700_-NONE-_-NONE-
FA863418C2701,THE BOEING COMPANY,BA,6979222395.76,Department of Defense,Department of the Air Force,2017-12-22,"F-15, FMS, F-15QA AIR VEHICLE DEVELOPMENT",https://www.usaspending.gov/award/CONT_AWD_FA863418C2701_9700_-NONE-_-NONE-
FA868224CB001,LOCKHEED MARTIN CORPORATION,LMT,6948968023.22,Department of Defense,Department of the Air Force,2024-09-27,LONG RANGE ANTI-SHIP MISSILE/JOINT AIR-TO-SURFACE STANDOFF MISSILE LARGE LOT PROCUREMENT,https://www.usaspending.gov/award/CONT_AWD_FA868224CB001_9700_-NONE-_-NONE-
N0001924C0039,LOCKHEED MARTIN CORPORATION,LMT,6818606177.0,Department of Defense,Department of the Navy,2024-06-28,CY24 AVSC SUPPLY SUPPORT,https://www.usaspending.gov/award/CONT_AWD_N0001924C0039_9700_-NONE-_-NONE-
N0002408C2110,HUNTINGTON INGALLS INC,,6645710960.11,Department of Defense,Department of the Navy,2008-08-01,TAS::17 1611::TAS CVN 78 SHIP CONSTRUCTION,https://www.usaspending.gov/award/CONT_AWD_N0002408C2110_9700_-NONE-_-NONE-
N0001917C0015,BELL BOEING JOINT PROJECT OFFICE,,6597245392.74,Department of Defense,Department of the Navy,2016-12-28,CMV-22 PRODUCTION LOT 22 LONG LEAD-TIME ITEMS,https://www.usaspending.gov/award/CONT_AWD_N0001917C0015_9700_-NONE-_-NONE-
HQ014712C0004,THE BOEING COMPANY,BA,6466627868.26,Department of Defense,Missile Defense Agency,2011-12-30,"THE MISSILE DEFENSE AGENCY (MDA), GROUND-BASED MIDCOURSE DEFENSE (GMD) DEVELOPMENT AND SUSTAINMENT CONTRACT (DSC) THE GMD DSC WORK INCLUDES, BUT IS NOT LIMITED TO: 1) FUTURE DEVELOPMENT; 2) FIELDING; ",https://www.usaspending.gov/award/CONT_AWD_HQ014712C0004_9700_-NONE-_-NONE-
W56HZV15C0095,OSHKOSH DEFENSE LLC,,6104204038.29,Department of Defense,Department of the Army,2015-08-25,"THE CONTRACT INCLUDES FIRM FIXED PRICE (FFP) CONTACT LINE ITEM NUMBERS (CLIN) FOR VEHICLES, TRAILERS, KITS (PACKAGED AND INSTALLED), TEST HARDWARE AND SUPPORT, VEHICLE REFURBISHMENT, SYSTEMS ENGINEERI",https://www.usaspending.gov/award/CONT_AWD_W56HZV15C0095_9700_-NONE-_-NONE-
N0001906C0081,SIKORSKY AIRCRAFT CORPORATION,,6103285531.96,Department of Defense,Department of the Navy,2006-01-03,,https://www.usaspending.gov/award/CONT_AWD_N0001906C0081_9700_-NONE-_-NONE-
N0001913C0008,LOCKHEED MARTIN CORPORATION,LMT,6035358369.47,Department of Defense,Department of the Navy,2013-02-28,F-35 LRIP 8 AAC,https://www.usaspending.gov/award/CONT_AWD_N0001913C0008_9700_-NONE-_-NONE-
FA862914C2403,SIKORSKY AIRCRAFT CORPORATION,,5979521937.1,Department of Defense,Department of the Air Force,2014-06-26,ACAT 1D - CRH,https://www.usaspending.gov/award/CONT_AWD_FA862914C2403_9700_-NONE-_-NONE-
FA862514C6450,LOCKHEED MARTIN CORP,LMT,5934097111.63,Department of Defense,Department of the Air Force,2013-12-09,FY13 ADVANCE PROCUREMENT FUNDS FOR FY14 C-130J AIRCRAFT,https://www.usaspending.gov/award/CONT_AWD_FA862514C6450_9700_-NONE-_-NONE-
W31P4Q15C0022,RAYTHEON COMPANY,RTX,5607763941.57,Department of Defense,Department of the Army,2014-12-19,TEN FIRE UNITS FOR QATAR,https://www.usaspending.gov/award/CONT_AWD_W31P4Q15C0022_9700_-NONE-_-NONE-
N0001912C0004,LOCKHEED MARTIN CORPORATION,LMT,5597451611.0,Department of Defense,Department of the Navy,2012-06-15,LONG LEAD-TIME ITEMS,https://www.usaspending.gov/award/CONT_AWD_N0001912C0004_9700_-NONE-_-NONE-
W58RGZ17C0009,SIKORSKY AIRCRAFT CORPORATION,,5584742286.87,Department of Defense,Department of the Army,2017-06-22,W58RGZ-17-C-0009 MY IX BLACK HAWK PRODUCTION CONTRACT AWARD.,https://www.usaspending.gov/award/CONT_AWD_W58RGZ17C0009_9700_-NONE-_-NONE-
N0001912C0112,THE BOEING COMPANY,BA,5544117634.23,Department of Defense,Defense Contract Management Agency,2012-08-31,P-8A FRP LOT I LONG LEAD MATERIAL,https://www.usaspending.gov/award/CONT_AWD_N0001912C0112_9700_-NONE-_-NONE-
N0001918C1046,THE BOEING COMPANY,BA,5496533530.53,Department of Defense,Department of the Navy,2018-05-08,F/A-18E AIRCRAFT,https://www.usaspending.gov/award/CONT_AWD_N0001918C1046_9700_-NONE-_-NONE-
N0001913C9999,NORTHROP GRUMMAN SYSTEMS CORPORATION,NOC,5374740355.12,Department of Defense,Department of the Navy,2013-05-13,E-2D ADVANCED HAWKEYE AIRCRAFT (FRP-2),https://www.usaspending.gov/award/CONT_AWD_N0001913C9999_9700_-NONE-_-NONE-
FA861520F0001,LOCKHEED MARTIN CORPORATION,LMT,5212953429.32,Department of Defense,Department of the Air Force,2020-08-14,TAIWAN/MOROCCO F-16 PRODUCTION BLOCK 70/72,https://www.usaspending.gov/award/CONT_AWD_FA861520F0001_9700_FA861520D6052_9700
HQ085621C0001,LOCKHEED MARTIN CORPORATION,LMT,5087761430.18,Department of Defense,Missile Defense Agency,2021-03-25,"DESIGN, DEVELOPMENT, AND DEVELOPMENTAL TESTING OF THE NEXT GENERATION INTERCEPTOR (NGI) ALL-UP-ROUND (AUR)",https://www.usaspending.gov/award/CONT_AWD_HQ085621C0001_9700_-NONE-_-NONE-
N0001993C0006,BELL HELICOPTER TEXTRON INC,,4885212163.54,Department of Defense,Defense Contract Management Agency,1992-10-15,,https://www.usaspending.gov/award/CONT_AWD_N0001993C0006_9700_-NONE-_-NONE-
N0001921C0011,RTX CORPORATION,,4865962075.84,Department of Defense,Department of the Navy,2020-12-01,FY21 PBL2,https://www.usaspending.gov/award/CONT_AWD_N0001921C0011_9700_-NONE-_-NONE-
W58RGZ13C0002,THE BOEING COMPANY,BA,4864238445.89,Department of Defense,Department of the Army,2013-06-10,CH-47F CARGO HELICOPTER MULTIYEAR II.  34 NEW BUILD HELICOPTERS AND 121 RENEW HELICOPTERS.,https://www.usaspending.gov/award/CONT_AWD_W58RGZ13C0002_9700_-NONE-_-NONE-
W58RGZ22C0010,SIKORSKY AIRCRAFT CORPORATION,,4695788015.84,Department of Defense,Department of the Army,2022-06-26,MULTI-YEAR TEN (MY X) BLACK HAWK PRODUCTION AWARD FOR PROCUREMENT OF 120 H-60M BLACK HAWK HELICOPTERS FOR FISCAL YEARS 2022 - 2026 REQUIREMENTS WITH RELATED SUPPORT AND INCLUDING OPTIONS FOR AN ADDITI,https://www.usaspending.gov/award/CONT_AWD_W58RGZ22C0010_9700_-NONE-_-NONE-
W31P4Q19C0011,LOCKHEED MARTIN CORPORATION,LMT,4583057418.88,Department of Defense,Department of the Army,2018-12-21,"W31P4Q-19-C-0011 PAC-3 PRODUCTION CONTRACT FOR THE FY19/20 US/FMS REQUIREMENTS, WHICH INCLUDES: MSE&CRI MISSILES, LMKS AND OTHER GROUND SUPPORT FOR PATRIOT/PAC-3 WEAPON.",https://www.usaspending.gov/award/CONT_AWD_W31P4Q19C0011_9700_-NONE-_-NONE-
N0002498C2104,HUNTINGTON INGALLS INC,,4563665299.0,Department of Defense,Department of the Navy,1999-11-03,,https://www.usaspending.gov/award/CONT_AWD_N0002498C2104_9700_-NONE-_-NONE-
FA880708C0010,LOCKHEED MARTIN CORP,LMT,4545479948.53,Department of Defense,Department of the Air Force,2008-05-15,GLOBAL POSITIONING SYSTEM (GPS) IIIA,https://www.usaspending.gov/award/CONT_AWD_FA880708C0010_9700_-NONE-_-NONE-
N0002409C2116,HUNTINGTON INGALLS INC,,4515735503.83,Department of Defense,Department of the Navy,2009-01-15,TAS::17 1611::TAS CVN79 CONSTRUCTION PREPARATION EFFORTS FY09,https://www.usaspending.gov/award/CONT_AWD_N0002409C2116_9700_-NONE-_-NONE-
FA880710C0001,RAYTHEON COMPANY,RTX,4476110624.14,Department of Defense,Department of the Air Force,2010-02-25,GPS ADVANCED CONTROL SEGMENT (OCX) PHASE B BLOCKS 1 AND 2,https://www.usaspending.gov/award/CONT_AWD_FA880710C0001_9700_-NONE-_-NONE-
W9124G17C0104,"M1 SUPPORT SERVICES, L.P.",,4445169652.43,Department of Defense,Department of the Army,2017-10-01,IGF::OT::IGF,https://www.usaspending.gov/award/CONT_AWD_W9124G17C0104_9700_-NONE-_-NONE-
HQ014719C0004,THE BOEING COMPANY,BA,4442838457.3,Department of Defense,Missile Defense Agency,2019-03-18,GBI/AUR PROGRAM MANAGEMENT/SYSTEMS ENG,https://www.usaspending.gov/award/CONT_AWD_HQ014719C0004_9700_-NONE-_-NONE-
NNM07AA75C,NORTHROP GRUMMAN SYSTEMS CORPORATION,NOC,4430784857.0,National Aeronautics and Space Administration,National Aeronautics and Space Administration,2006-04-17,"FIRST DDT AND E, ARES I-X, AND FLIGHT TESTS.  FIRST STAGE WILL BE A FIVE SEGMENT, SOLID ROCKET BOOSTER DERIVED FROM THE SPACE SHUTTLE PROGRAM (SSP) SOLID ROCKET BOOSTER (SRB)/REUSABLE SOLID ROCKET MOT",https://www.usaspending.gov/award/CONT_AWD_NNM07AA75C_8000_-NONE-_-NONE-
FA862511C6597,LOCKHEED MARTIN CORP,LMT,4410630126.34,Department of Defense,Defense Contract Management Agency,2011-02-01,C-130J FIVE YEAR OPTION CONTRACT (FYOC) IV,https://www.usaspending.gov/award/CONT_AWD_FA862511C6597_9700_-NONE-_-NONE-
N0001919C0010,LOCKHEED MARTIN CORPORATION,LMT,4329669752.97,Department of Defense,Department of the Navy,2018-11-15,DUAL CAPABLE AIRCRAFT UCA AWARD,https://www.usaspending.gov/award/CONT_AWD_N0001919C0010_9700_-NONE-_-NONE-
W31P4Q14C0034,LOCKHEED MARTIN CORPORATION,LMT,4241697570.25,Department of Defense,Department of the Army,2013-12-31,"LETTER CONTRACT FOR FY14 PAC-3 CRI MISSILES, LAUNCHER MODIFICATION KITS, SEEKER GIMBAL REDESIGN, AND INITIAL SPARES FOR US AND KUWAIT",https://www.usaspending.gov/award/CONT_AWD_W31P4Q14C0034_9700_-NONE-_-NONE-
FA880718C0009,LOCKHEED MARTIN CORP,LMT,4066558965.64,Department of Defense,Department of the Air Force,2018-09-26,GLOBAL POSITIONING SYSTEMS III FOLLOW-ON,https://www.usaspending.gov/award/CONT_AWD_FA880718C0009_9700_-NONE-_-NONE-
FA862516C6599,THE BOEING COMPANY,BA,4018013174.81,Department of Defense,Defense Contract Management Agency,2016-01-04,"ACAT I, AFLCMC/WLJK, PRESIDENTIAL AIRCRAFT RECAPITALIZATION",https://www.usaspending.gov/award/CONT_AWD_FA862516C6599_9700_-NONE-_-NONE-
N0003019C0025,LOCKHEED MARTIN CORP,LMT,4008893351.62,Department of Defense,Department of the Navy,2018-12-20,IR CPS WS DEVELOPMENT AND INTEGRATION,https://www.usaspending.gov/award/CONT_AWD_N0003019C0025_9700_-NONE-_-NONE-
FA863423F0048,THE BOEING COMPANY,BA,3933015048.3,Department of Defense,Department of the Air Force,2023-09-27,F-15EX LOT 5 ADVANCED PROCUREMENT,https://www.usaspending.gov/award/CONT_AWD_FA863423F0048_9700_FA863420D2704_9700
N0001925C0070,LOCKHEED MARTIN CORPORATION,LMT,3830821242.0,Department of Defense,Department of the Navy,2024-11-22,"THE PURPOSE OF THIS CONTRACT IS TO AWARD LONG LEAD FUNDING FOR F-35A, F-35B, AND F-35C AIRCRAFT FOR U.S. SERVICES, NON-DOD PARTNERS, AND FMS CUSTOMERS.",https://www.usaspending.gov/award/CONT_AWD_N0001925C0070_9700_-NONE-_-NONE-
N0001908C0028,LOCKHEED MARTIN CORPORATION,LMT,3829164350.67,Department of Defense,Defense Contract Management Agency,2008-05-14,JSF LRIP LOT III - AAC,https://www.usaspending.gov/award/CONT_AWD_N0001908C0028_9700_-NONE-_-NONE-
FA862518F7027,LOCKHEED MARTIN CORP,LMT,3809704361.36,Department of Defense,Department of the Air Force,2018-07-19,"C-130J, ACAT 1, FIVE YEAR ORDERING CONTRACT, MYP3 AP",https://www.usaspending.gov/award/CONT_AWD_FA862518F7027_9700_FA862516D6458_9700
F3365791C0006,LOCKHEED MARTIN AERONAUTICAL SYSTEMS SUPPORT COMPANY,LMT,3693487225.0,Department of Defense,Defense Contract Management Agency,1997-02-05,,https://www.usaspending.gov/award/CONT_AWD_F3365791C0006_9700_-NONE-_-NONE-
FA820518F0001,LOCKHEED MARTIN CORPORATION,LMT,3667251155.64,Department of Defense,Department of the Air Force,2018-01-01,IGF::OT::IGF COMPREHENSIVE F-22 VEHICLE SUSTAINMENT SERVICES,https://www.usaspending.gov/award/CONT_AWD_FA820518F0001_9700_FA820518D0001_9700
W58RGZ23C0001,BELL TEXTRON INC,,3631834944.07,Department of Defense,Department of the Army,2022-12-05,THE FUTURE VERTICAL LIFT (FVL) FLRAA CAPABILITY SET THREE IS A PRE-MAJOR DEFENSE ACQUISITION PROGRAM (ACAT 1C) COMMISSIONED TO DEVELOP AND FIELD THE NEXT GENERATION OF AFFORDABLE VERTICAL LIFT TACTICA,https://www.usaspending.gov/award/CONT_AWD_W58RGZ23C0001_9700_-NONE-_-NONE-
N0001924C0009,SIKORSKY AIRCRAFT CORPORATION,,3605014855.38,Department of Defense,Department of the Navy,2023-12-15,CH-53K FRP LOT 9 AND OPTION FRP LOT 10 LONG LEAD ITEMS,https://www.usaspending.gov/award/CONT_AWD_N0001924C0009_9700_-NONE-_-NONE-
FA881606C0002,"UNITED LAUNCH SERVICES, LLC",,3583485319.19,Department of Defense,Defense Contract Management Agency,2006-02-28,200610!000002!5700!FA8816!SMC/EVK                         !FA881606C0002  !A!N! !N!             !      !20060228!20070930!926784042!834951691!834951691!N!LOCKHEED MARTIN CORPORATION   !12257 HIGHWAY 1,https://www.usaspending.gov/award/CONT_AWD_FA881606C0002_9700_-NONE-_-NONE-
DAAH2302C0006,SIKORSKY AIRCRAFT CORPORATION,,3518890935.97,Department of Defense,Department of the Army,2002-09-26,200212!002339!2100!AH23 !USA AVIATION AND MISSILE COMMAND!DAAH2302C0006 !A!N! !N! !20020926!20071231!835551474!835551474!001344142!N!SIKORSKY AIRCRAFT CORPORATION !6900 MAIN STREET !STRATFORD !CT!0661,https://www.usaspending.gov/award/CONT_AWD_DAAH2302C0006_9700_-NONE-_-NONE-
W58RGZ21C0015,THE BOEING COMPANY,BA,3473167821.55,Department of Defense,Department of the Army,2021-06-18,APACHE ADVANCED PROCUREMENT AWARD FOR LOT 12 FULL RATE PRODUCTION.,https://www.usaspending.gov/award/CONT_AWD_W58RGZ21C0015_9700_-NONE-_-NONE-
N0001922C0004,SIKORSKY AIRCRAFT CORPORATION,,3422923826.96,Department of Defense,Department of the Navy,2021-12-06,CH-53K FRP LOT 7 LONG LEAD ITEMS,https://www.usaspending.gov/award/CONT_AWD_N0001922C0004_9700_-NONE-_-NONE-
FA283424CB002,"SIERRA NEVADA COMPANY, LLC",,3377277276.05,Department of Defense,Department of the Air Force,2024-04-26,SURVIVABLE AIRBORNE OPERATIONS CENTER (SAOC),https://www.usaspending.gov/award/CONT_AWD_FA283424CB002_9700_-NONE-_-NONE-
HQ085124C0001,RAYTHEON COMPANY,RTX,3298946355.0,Department of Defense,Defense Contract Management Agency,2024-07-25,FY 23-25 SM-3 BLOCK IIA AURS,https://www.usaspending.gov/award/CONT_AWD_HQ085124C0001_9700_-NONE-_-NONE-
N0002422C5500,RAYTHEON COMPANY,RTX,3265755418.12,Department of Defense,Department of the Navy,2022-03-31,AN/SPY-6(V) HARDWARE PRODUCTION,https://www.usaspending.gov/award/CONT_AWD_N0002422C5500_9700_-NONE-_-NONE-
W31P4Q18C0130,LOCKHEED MARTIN CORPORATION,LMT,3158372223.06,Department of Defense,Department of the Army,2018-09-29,HELLFIRE BUY 17 PRODUCTION.,https://www.usaspending.gov/award/CONT_AWD_W31P4Q18C0130_9700_-NONE-_-NONE-
N0001914C0032,THE BOEING COMPANY,BA,3154449062.9,Department of Defense,Department of the Navy,2014-06-30,EA-18 G AIRCRAFT,https://www.usaspending.gov/award/CONT_AWD_N0001914C0032_9700_-NONE-_-NONE-
N0002413C2128,ELECTRIC BOAT CORPORATION,,3145999614.0,Department of Defense,Department of the Navy,2012-12-21,SUBMARINE RDT&E,https://www.usaspending.gov/award/CONT_AWD_N0002413C2128_9700_-NONE-_-NONE-
FA880810C0001,THE BOEING COMPANY,BA,3127786036.39,Department of Defense,Department of the Air Force,2010-08-19,WGS BLOCK II FOLLOW ON,https://www.usaspending.gov/award/CONT_AWD_FA880810C0001_9700_-NONE-_-NONE-
HQ027610C0001,LOCKHEED MARTIN CORPORATION,LMT,3095877436.03,Department of Defense,Missile Defense Agency,2009-10-01,AEGIS BMD INTERNATIONAL SUPPORT,https://www.usaspending.gov/award/CONT_AWD_HQ027610C0001_9700_-NONE-_-NONE-
W31P4Q18C0049,LOCKHEED MARTIN CORPORATION,LMT,3058790659.63,Department of Defense,Department of the Army,2018-04-27,GUIDED MULTIPLE LAUNCH ROCKET SYSTEMS (GMLRS) FULL RATE PRODUCTION (FRP) LOT 13.,https://www.usaspending.gov/award/CONT_AWD_W31P4Q18C0049_9700_-NONE-_-NONE-
NNK17MA01T,SPACE EXPLORATION TECHNOLOGIES CORP.,SPCX,3029850123.69,National Aeronautics and Space Administration,National Aeronautics and Space Administration,2016-12-30,"IGF::OT::IGF THE COMMERCIAL CREW PROGRAM (CCP) COMMERCIAL CREW TRANSPORTATION CAPABILITY (CCTCAP) CONTRACT WILL PROVIDE COMPLETION OF THE DESIGN, DEVELOPMENT, TEST, EVALUATION, AND CERTIFICATION OF AN",https://www.usaspending.gov/award/CONT_AWD_NNK17MA01T_8000_NNK14MA74C_8000
N0001914C0050,SIKORSKY AIRCRAFT CORPORATION,,3010046248.88,Department of Defense,Department of the Navy,2014-05-07,IGF::OT::IGF PRESIDENTIAL HELICOPTER REPLACEMENT PROGRAM (VXX) ENGINEERING AND MANUFACTURING DEVELOPMENT (EMD) PHASE OF THE PROGRAM. THE CONTRACT ALSO INCLUDES NOT-TO-EXCEED OPTION PRICES FOR LOW RATE,https://www.usaspending.gov/award/CONT_AWD_N0001914C0050_9700_-NONE-_-NONE-
N0002498C2107,HUNTINGTON INGALLS INC,,3003693920.0,Department of Defense,Department of the Navy,1998-02-06,199806!1700!2211!BZ002!NAVAL SEA SYSTEMS COMMAND       !N0002498C2107  !A!*!*                  !19980206!20030930!001307495!149899957!149899957!N!43689!NEWPORT NEWS SHIPBUILDING AND !4101 WASHINGTON A,https://www.usaspending.gov/award/CONT_AWD_N0002498C2107_9700_-NONE-_-NONE-
FA820523F0501,LOCKHEED MARTIN CORPORATION,LMT,3002938795.23,Department of Defense,Department of the Air Force,2023-01-01,COMPREHENSIVE F-22 AIR VEHICLE SUSTAINMENT SERVICES.,https://www.usaspending.gov/award/CONT_AWD_FA820523F0501_9700_FA820518D0001_9700
80NM0018F0615,CALIFORNIA INSTITUTE OF TECHNOLOGY,,2967618608.98,National Aeronautics and Space Administration,National Aeronautics and Space Administration,2018-10-01,"EUROPA CLIPPER PROJECT  THE CONTRACT IS THE SPONSORING AGREEMENT BETWEEN THE NATIONAL AERONAUTICS AND SPACE ADMINISTRATION NASA AND THE CALIFORNIA INSTITUTE OF TECHNOLOGY-CONTRACTOR, A PRIVATE NONPROF",https://www.usaspending.gov/award/CONT_AWD_80NM0018F0615_8000_80NM0018D0004_8000
N0002420C2300,MARINETTE MARINE CORPORATION,,2957440821.0,Department of Defense,Department of the Navy,2020-04-30,DETAIL DESIGN AND CONSTRUCTION OF FFG(X) GUIDED MISSILE FRIGATE,https://www.usaspending.gov/award/CONT_AWD_N0002420C2300_9700_-NONE-_-NONE-
FA861512C6016,LOCKHEED MARTIN CORPORATION,LMT,2881255653.08,Department of Defense,Department of the Air Force,2012-09-28,TAIWAN F-16 A/B BLOCK 20 RETROFIT PROGRAM,https://www.usaspending.gov/award/CONT_AWD_FA861512C6016_9700_-NONE-_-NONE-
N0003024C0100,LOCKHEED MARTIN CORPORATION,LMT,2876623988.0,Department of Defense,Department of the Navy,2024-09-12,FY25 TRIDENT PRODUCTION AND DEPLOYED SYSTEMS SUPPORT,https://www.usaspending.gov/award/CONT_AWD_N0003024C0100_9700_-NONE-_-NONE-
N0001907C0097,LOCKHEED MARTIN CORPORATION,LMT,2870976998.8,Department of Defense,Defense Contract Management Agency,2007-07-27,JSF LRIP LOT II - AAC,https://www.usaspending.gov/award/CONT_AWD_N0001907C0097_9700_-NONE-_-NONE-
MSFC0199911DNAS800016,LOCKHEED MARTIN CORP,LMT,2870112487.23,National Aeronautics and Space Administration,National Aeronautics and Space Administration,2000-10-27,PRODUCTION AND O&M FOR 35 EXTERNAL TANKS,https://www.usaspending.gov/award/CONT_AWD_MSFC0199911DNAS800016_8000_-NONE-_-NONE-
W31P4Q17C0006,LOCKHEED MARTIN CORPORATION,LMT,2853603995.4,Department of Defense,Department of the Army,2016-12-22,"FY17 PATRIOT ADVANCED CAPABILITIES (PAC-3) MSE MISSILES, CRI MISSILES AND INITIAL SPARES",https://www.usaspending.gov/award/CONT_AWD_W31P4Q17C0006_9700_-NONE-_-NONE-
FA850512C0001,THE BOEING COMPANY,BA,2806532949.46,Department of Defense,Department of the Air Force,2012-06-22,IGF::OT::IGF F-15S/SA CONVERSION,https://www.usaspending.gov/award/CONT_AWD_FA850512C0001_9700_-NONE-_-NONE-
N0001923C0030,RTX CORPORATION,,2803077022.26,Department of Defense,Department of the Navy,2023-09-28,LOT 18 PNR/TOOLING,https://www.usaspending.gov/award/CONT_AWD_N0001923C0030_9700_-NONE-_-NONE-
W31P4Q24F0165,LOCKHEED MARTIN CORPORATION,LMT,2801151369.39,Department of Defense,Department of the Army,2024-07-01,GUIDED MULTIPLE LAUNCH ROCKET SYSTEM (GMLRS) AND LOW COST REDUCED RANGE PRACTICE ROCKET (LCRRPR) FY25 FULL RATE PRODUCTION LOT 20 DELIVERY ORDER,https://www.usaspending.gov/award/CONT_AWD_W31P4Q24F0165_9700_W31P4Q23D0003_9700
FA873023C0025,THE BOEING COMPANY,BA,2768467927.0,Department of Defense,Department of the Air Force,2023-02-28,E-7A RAPID PROTOTYPING,https://www.usaspending.gov/award/CONT_AWD_FA873023C0025_9700_-NONE-_-NONE-
HQ027615C0003,RAYTHEON COMPANY,RTX,2760634389.93,Department of Defense,Defense Contract Management Agency,2015-07-22,SM-3 BLK IIA RDT&E GUIDED MISSILE ROUNDS,https://www.usaspending.gov/award/CONT_AWD_HQ027615C0003_9700_-NONE-_-NONE-
N0001924C0025,THE BOEING COMPANY,BA,2739718834.0,Department of Defense,Department of the Navy,2024-02-29,CANADA AND GERMANY LOT 13 P-8A AIRCRAFT,https://www.usaspending.gov/award/CONT_AWD_N0001924C0025_9700_-NONE-_-NONE-
HQ086220C0002,RAYTHEON COMPANY,RTX,2738715982.65,Department of Defense,Missile Defense Agency,2020-06-26,KSA FMS ARMY NAVY TRANSPORTABLE RADAR SURVEILLANCE AND CONTROL MODEL 2 (AN/TPY-2) PRODUCTION,https://www.usaspending.gov/award/CONT_AWD_HQ086220C0002_9700_-NONE-_-NONE-
N0001917C0020,RTX CORPORATION,,2682738779.93,Department of Defense,Defense Contract Management Agency,2016-11-08,LRIP 11 AAC - FMS AND INTERNATIONAL PARTNERS,https://www.usaspending.gov/award/CONT_AWD_N0001917C0020_9700_-NONE-_-NONE-
N0001916C0048,SIKORSKY AIRCRAFT CORPORATION,,2659669769.79,Department of Defense,Department of the Navy,2016-04-18,CH-53K LRIP LOT 1 LONG LEAD ITEMS,https://www.usaspending.gov/award/CONT_AWD_N0001916C0048_9700_-NONE-_-NONE-
N0002409C2107,HUNTINGTON INGALLS INC,,2574356598.29,Department of Defense,Department of the Navy,2009-08-26,CVN 71 REFUELING COMPLEX OVERHAUL ACCOMPLISHMENT.,https://www.usaspending.gov/award/CONT_AWD_N0002409C2107_9700_-NONE-_-NONE-
80MSFC20C0052,THE BOEING COMPANY,BA,2530079189.0,National Aeronautics and Space Administration,National Aeronautics and Space Administration,2019-10-16,SPACE LAUNCH SYSTEM (SLS) STAGES PRODUCTION AND EVOLUTION CONTRACT (SPEC),https://www.usaspending.gov/award/CONT_AWD_80MSFC20C0052_8000_-NONE-_-NONE-
FA867523C0037,RAYTHEON COMPANY,RTX,2512789038.4,Department of Defense,Department of the Air Force,2023-06-20,ADVANCED MEDIUM RANGE AIR TO AIR MISSILE (AMRAAM) PRODUCTION LOT 37,https://www.usaspending.gov/award/CONT_AWD_FA867523C0037_9700_-NONE-_-NONE-
FA881013C0001,LOCKHEED MARTIN CORP,LMT,2491233025.25,Department of Defense,Defense Contract Management Agency,2013-02-19,SBIRS GEO 5&6 ADVANCED PROCUREMENT,https://www.usaspending.gov/award/CONT_AWD_FA881013C0001_9700_-NONE-_-NONE-
W31P4Q23F0024,LOCKHEED MARTIN CORPORATION,LMT,2489288587.67,Department of Defense,Department of the Army,2022-10-31,GUIDED MULTIPLE LAUNCH ROCKET SYSTEM (GMLRS) AND LOW COT REDUCED RANGE PRACTICE ROCKET (LCRRPR) FY24 FULL RATE PRODUCTION LOT 19 DELIVERY ORDER,https://www.usaspending.gov/award/CONT_AWD_W31P4Q23F0024_9700_W31P4Q23D0003_9700
N0001917C0003,THE BOEING COMPANY,BA,2444992704.44,Department of Defense,Defense Contract Management Agency,2017-02-27,LOT 40 F/A-18E AND EA-18G AIRCRAFT WITH AEA KITS,https://www.usaspending.gov/award/CONT_AWD_N0001917C0003_9700_-NONE-_-NONE-
HQ085621C0003,NORTHROP GRUMMAN SYSTEMS CORPORATION,NOC,2395436919.18,Department of Defense,Missile Defense Agency,2021-03-25,"DESIGN, DEVELOPMENT, AND DEVELOPMENTAL TESTING OF THE NEXT GENERATION INTERCEPTOR (NGI) ALL-UP-ROUND (AUR)",https://www.usaspending.gov/award/CONT_AWD_HQ085621C0003_9700_-NONE-_-NONE-
N0001919C0013,LOCKHEED MARTIN CORPORATION,LMT,2356006918.46,Department of Defense,Department of the Navy,2018-11-14,MH-60R AIRCRAFT,https://www.usaspending.gov/award/CONT_AWD_N0001919C0013_9700_-NONE-_-NONE-
N0001920C0047,SIKORSKY AIRCRAFT CORPORATION,,2310726485.75,Department of Defense,Department of the Navy,2020-03-26,CH-53K LRIP LOT 5/6 LONG LEAD ITEMS,https://www.usaspending.gov/award/CONT_AWD_N0001920C0047_9700_-NONE-_-NONE-
W58RGZ26C0002,THE BOEING COMPANY,BA,2295831204.0,Department of Defense,Department of the Army,2025-11-25,"APACHE NEW BUILD ATTACK HELICOPTERS (AH)-64E FOR FOREIGN MILITARY SALE CUSTOMERS POLAND (QTY OF 96), EGYPT (QTY OF 2) AND KUWAIT (QTY OF 8).  THIS INCLUDES ASSOCIATED COMPONENTS AND ACCESSORIES AND LO",https://www.usaspending.gov/award/CONT_AWD_W58RGZ26C0002_9700_-NONE-_-NONE-
FA821413C0001,BAE SYSTEMS TECHNOLOGY SOLUTIONS & SERVICES INC.,BAESY,2261850317.06,Department of Defense,Department of the Air Force,2013-08-01,"IGF::CL::IGF SYSTEMS ENGINEERING, INTEGRATION AND PROGRAM MANAGEMENT SUPPORT FOR THE ICBM SYSTEMS DIRECTORATE.",https://www.usaspending.gov/award/CONT_AWD_FA821413C0001_9700_-NONE-_-NONE-
FA865925CB003,RAYTHEON COMPANY,RTX,2248982500.3,Department of Defense,Department of the Air Force,2025-07-31,ADVANCED MEDIUM RANGE AIR-TO-AIR MISSILE (AMRAAM)LOTS 39-40,https://www.usaspending.gov/award/CONT_AWD_FA865925CB003_9700_-NONE-_-NONE-
W31P4Q23C0005,LOCKHEED MARTIN CORPORATION,LMT,2213842633.09,Department of Defense,Department of the Army,2023-03-30,AGMS PRODUCTION,https://www.usaspending.gov/award/CONT_AWD_W31P4Q23C0005_9700_-NONE-_-NONE-
N0001923F0002,LOCKHEED MARTIN CORPORATION,LMT,2198479923.74,Department of Defense,Department of the Navy,2023-01-01,JPO F-35 CY23 MODS AND RETROFIT PROGRAM SUPPORT,https://www.usaspending.gov/award/CONT_AWD_N0001923F0002_9700_N0001919G0008_9700
FA881013C0002,LOCKHEED MARTIN CORP,LMT,2194921223.67,Department of Defense,Department of the Air Force,2013-03-15,IGF::OT::IGF SUSTAINMENT SUPPORT FISCAL YEAR 12-16,https://www.usaspending.gov/award/CONT_AWD_FA881013C0002_9700_-NONE-_-NONE-
FA867521C0034,RAYTHEON COMPANY,RTX,2177484015.51,Department of Defense,Department of the Air Force,2021-03-26,ADVANCED MEDIUM RANGE AIR TO AIR MISSILE (AMRAAM) PRODUCTION LOTS 34-36,https://www.usaspending.gov/award/CONT_AWD_FA867521C0034_9700_-NONE-_-NONE-
HQ085120C0002,RAYTHEON COMPANY,RTX,2147446227.49,Department of Defense,Defense Contract Management Agency,2020-03-27,SM-3 BLK IB ALL UP ROUNDS,https://www.usaspending.gov/award/CONT_AWD_HQ085120C0002_9700_-NONE-_-NONE-
HQ027610C0005,RAYTHEON COMPANY,RTX,2139893963.44,Department of Defense,Defense Contract Management Agency,2010-09-01,BLOCK IIA AUR PRELIMINARY DESIGN,https://www.usaspending.gov/award/CONT_AWD_HQ027610C0005_9700_-NONE-_-NONE-
693KA821F00222,HARRIS CORPORATION,,2098072714.15,Department of Transportation,Federal Aviation Administration,2021-07-01,THE PURPOSE OF THIS DELIVERY ORDER AWARD IS TO ADD FUNDING FOR FTI TELECOMMUNICATIONS SERVICES.,https://www.usaspending.gov/award/CONT_AWD_693KA821F00222_6920_DTFA0102D03006_6920
N0001918C1048,LOCKHEED MARTIN CORPORATION,LMT,2097972895.35,Department of Defense,Department of the Navy,2018-05-24,IS SUPPORT EQUIPMENT,https://www.usaspending.gov/award/CONT_AWD_N0001918C1048_9700_-NONE-_-NONE-
FA862616C2138,GENERAL ELECTRIC COMPANY,GE,2090921087.07,Department of Defense,Department of the Air Force,2016-06-30,ADAPTIVE ENGINE TRANSITION PROGRAM  (AETP),https://www.usaspending.gov/award/CONT_AWD_FA862616C2138_9700_-NONE-_-NONE-
W56HZV20C0050,OSHKOSH DEFENSE LLC,,2066003284.43,Department of Defense,Department of the Army,2020-03-13,CONTRACT W56HZV-20-C-0050 IS ISSUED TO PROVIDE CONTINUATION OF CONTRACT W56HZV-15-C-0095.,https://www.usaspending.gov/award/CONT_AWD_W56HZV20C0050_9700_-NONE-_-NONE-
N0001920C0003,THE BOEING COMPANY,BA,2058655011.17,Department of Defense,Department of the Navy,2020-05-13,SLAM ER OBSOLESCENCE REDESIGN - NRE AND PRODUCTION OF SLAM ER MISSILES,https://www.usaspending.gov/award/CONT_AWD_N0001920C0003_9700_-NONE-_-NONE-
FA863422F0035,THE BOEING COMPANY,BA,2039776433.36,Department of Defense,Department of the Air Force,2022-09-29,F-15EX - LOT 4 ADVANCED PROCUREMENT,https://www.usaspending.gov/award/CONT_AWD_FA863422F0035_9700_FA863420D2704_9700
N0001924C0032,RAYTHEON COMPANY,RTX,2037514988.0,Department of Defense,Department of the Navy,2024-09-27,LOT 24-26 PRODUCTION - FMS,https://www.usaspending.gov/award/CONT_AWD_N0001924C0032_9700_-NONE-_-NONE-
NNG09HR00C,LOCKHEED MARTIN CORP,LMT,2032336134.57,National Aeronautics and Space Administration,National Aeronautics and Space Administration,2008-12-04,THE GOVERNMENT IS PROCURING THE NEXT-GENERATION GEOSTATIONARY OPERATIONAL ENVIRONMENTAL SATELLITES (GOES) SERIES TO CONTINUE ITS MISSION THROUGH NEW REQUIREMENTS SPECIFIED IN THE GOES-R LEVEL I REQUIR,https://www.usaspending.gov/award/CONT_AWD_NNG09HR00C_8000_-NONE-_-NONE-
N0001996C0054,BELL HELICOPTER TEXTRON INC,,2032188650.77,Department of Defense,Defense Contract Management Agency,1996-12-24,199712!1700!1384!AC5J0!NAVAL AIR SYSTEMS COMMAND       !N0001996C0054  !A!*!P00004             !19961224!19980930!620162602!062923321!001338979!N!*    !BELL HELICOPTER TEXTRON INC   !1235 JEFFERSON DA,https://www.usaspending.gov/award/CONT_AWD_N0001996C0054_9700_-NONE-_-NONE-
N0003022C1025,LOCKHEED MARTIN CORP,LMT,2021079202.63,Department of Defense,Defense Contract Management Agency,2021-11-10,RESERVED,https://www.usaspending.gov/award/CONT_AWD_N0003022C1025_9700_-NONE-_-NONE-
N0002406C2115,HUNTINGTON INGALLS INC,,1957373076.0,Department of Defense,Department of the Navy,2005-11-29,,https://www.usaspending.gov/award/CONT_AWD_N0002406C2115_9700_-NONE-_-NONE-
FA862518F7028,LOCKHEED MARTIN CORP,LMT,1949541131.1,Department of Defense,Department of the Air Force,2018-07-18,"ACAT I, C-130J FIVE YEAR ORDERING CONTRACT",https://www.usaspending.gov/award/CONT_AWD_FA862518F7028_9700_FA862516D6458_9700
N0001919F2474,LOCKHEED MARTIN CORPORATION,LMT,1940842446.62,Department of Defense,Department of the Navy,2018-11-14,TECHNOLOGY REFRESH 3 (TR3) SYSTEM,https://www.usaspending.gov/award/CONT_AWD_N0001919F2474_9700_N0001914G0020_9700
N0001918C1041,LOCKHEED MARTIN CORPORATION,LMT,1914366871.75,Department of Defense,Department of the Navy,2018-04-30,FY18 GLOBAL F-35A REP/ROR,https://www.usaspending.gov/award/CONT_AWD_N0001918C1041_9700_-NONE-_-NONE-
W31P4Q24C0024,RAYTHEON COMPANY,RTX,1907526208.0,Department of Defense,Department of the Army,2024-07-31,UNDEFINITIED CONTRACT (UCA) FOR LOWER TIER AIR AND MISSILE DEFENSE SYSTEM (LTAMDS),https://www.usaspending.gov/award/CONT_AWD_W31P4Q24C0024_9700_-NONE-_-NONE-
N0001920C0032,LOCKHEED MARTIN CORPORATION,LMT,1904416177.28,Department of Defense,Department of the Navy,2020-07-17,"SUPPORT EQUIPMENT, AUTONOMIC LOGISTICS INFORMATION SYSTEM HARDWARE, TRAINING SYSTEMS, SITE ACTIVATIONS, INTEGRATED CONTRACTOR SUPPORT, AND THE RELIABILITY AND MAINTAINABILITY IMPROVEMENT PROGRAM FOR T",https://www.usaspending.gov/award/CONT_AWD_N0001920C0032_9700_-NONE-_-NONE-
N0002407C6119,RAYTHEON COMPANY,RTX,1904305418.03,Department of Defense,Defense Contract Management Agency,2007-05-14,STANDARD MISSILE 3,https://www.usaspending.gov/award/CONT_AWD_N0002407C6119_9700_-NONE-_-NONE-
W58RGZ19C0027,"GENERAL ATOMICS AERONAUTICAL SYSTEMS, INC.",,1896157069.11,Department of Defense,Department of the Army,2019-04-24,REQUIREMENT IS FOR THE PROCUREMENT OF PERFORMANCE BASED LOGISTICS SUPPORT SERVICES FOR THE MQ-1C GRAY EAGLE UNMANNED AIRCRAFT SYSTEM.,https://www.usaspending.gov/award/CONT_AWD_W58RGZ19C0027_9700_-NONE-_-NONE-
HQ027615C0005,RAYTHEON COMPANY,RTX,1861040363.03,Department of Defense,Defense Contract Management Agency,2015-04-30,FY15 SM-3 BLK IB ALL UP ROUNDS (AUR),https://www.usaspending.gov/award/CONT_AWD_HQ027615C0005_9700_-NONE-_-NONE-
N0001920C0006,LOCKHEED MARTIN CORPORATION,LMT,1857559785.7,Department of Defense,Defense Contract Management Agency,2019-12-30,GLOBAL F-35A COMBINED ROR,https://www.usaspending.gov/award/CONT_AWD_N0001920C0006_9700_-NONE-_-NONE-
W31P4Q15C0151,LOCKHEED MARTIN CORPORATION,LMT,1841506960.81,Department of Defense,Department of the Army,2015-09-14,"THIS LETTER CONTRACT IS ISSUED TO ACQUIRE BUY 16 FISCAL YEAR (FY) 2015 HELLFIRE II MISSILE HARDWARE/COMPONENT PRODUCTION REQUIREMENTS FOR THE U.S. ARMY, U.S. AIR FORCE, AND FOREIGN MILITARY SALES COUN",https://www.usaspending.gov/award/CONT_AWD_W31P4Q15C0151_9700_-NONE-_-NONE-
N0001917C0010,RTX CORPORATION,,1838656695.12,Department of Defense,Department of the Navy,2016-12-01,PERFORMANCE BASED LOGISTICS UCA,https://www.usaspending.gov/award/CONT_AWD_N0001917C0010_9700_-NONE-_-NONE-
DOCDG133E09CN0094,"L3HARRIS TECHNOLOGIES, INC.",LHX,1826088581.86,Department of Commerce,National Oceanic and Atmospheric Administration,2009-05-27,"THE PURPOSE OF THIS CONTRACT IS TO DEVELOP THE GROUND SYSTEM THAT WILL SUPPORT NOAA S NEXT GENERATION GEOSTATIONARY SATELLITE SERIES, GOES-R. THIS NEW SERIES OF SPACECRAFT, SET TO BEGIN LAUNCHING IN 2",https://www.usaspending.gov/award/CONT_AWD_DOCDG133E09CN0094_1330_-NONE-_-NONE-
N0002413C5116,LOCKHEED MARTIN CORPORATION,LMT,1812244593.06,Department of Defense,Department of the Navy,2013-03-04,"AEGIS COMBAT SYSTEM ENGINEERING AGENT (CSEA) ADVANCED CAPABILITY BUILD 16 (ACB 16), TECHNOLOGY INSERTION 16 (TI 16), FUTURE ACB/TI, BASELINE MAINTENANCE, TRAINING, AND STUDIES",https://www.usaspending.gov/award/CONT_AWD_N0002413C5116_9700_-NONE-_-NONE-
N0001919C0008,NORTHROP GRUMMAN SYSTEMS CORPORATION,NOC,1808132092.37,Department of Defense,Department of the Navy,2019-05-29,MQ-4C TRITON LRIP LOT 5 LONG LEAD ITEMS TO SUPPORT U.S. NAVY AND COOPERATIVE PARTNER AUSTRALIA.,https://www.usaspending.gov/award/CONT_AWD_N0001919C0008_9700_-NONE-_-NONE-
N0001918C1012,THE BOEING COMPANY,BA,1806623532.79,Department of Defense,Department of the Navy,2018-08-30,MQ-25 EMD,https://www.usaspending.gov/award/CONT_AWD_N0001918C1012_9700_-NONE-_-NONE-
N0001916C0002,RAYTHEON COMPANY,RTX,1795489000.0,Department of Defense,Department of the Navy,2016-04-13,IGF::OT::IGF  NEXT GENERATION JAMMER (NGJ) ENGINEERING&MANUFACTURING DEVELOPMENT (EMD) PHASE,https://www.usaspending.gov/award/CONT_AWD_N0001916C0002_9700_-NONE-_-NONE-
N0001913C0023,BELL TEXTRON INC,,1782171428.98,Department of Defense,Defense Contract Management Agency,2013-04-01,UH-1Y AND AH-1Z LONG LEAD PARTS LIST AAC,https://www.usaspending.gov/award/CONT_AWD_N0001913C0023_9700_-NONE-_-NONE-
FA867515C0022,RAYTHEON COMPANY,RTX,1769825200.93,Department of Defense,Defense Contract Management Agency,2014-12-22,ADVANCED MEDIUM RANGE AIR TO AIR MISSILE (AMRAAM) PRODUCTION LOTS 28-30 FY14-16,https://www.usaspending.gov/award/CONT_AWD_FA867515C0022_9700_-NONE-_-NONE-
N0001915C0031,LOCKHEED MARTIN CORPORATION,LMT,1764499475.16,Department of Defense,Department of the Navy,2014-11-01,LOGISTICS SUPPORT CONTRACT,https://www.usaspending.gov/award/CONT_AWD_N0001915C0031_9700_-NONE-_-NONE-
N0001914C0037,GENERAL ATOMICS,,1727526793.3,Department of Defense,Department of the Navy,2014-05-08,CVN 79 EMALS LONG LEAD TIME MATERIAL,https://www.usaspending.gov/award/CONT_AWD_N0001914C0037_9700_-NONE-_-NONE-
F1962800C0100,NORTHROP GRUMMAN SYSTEMS CORPORATION,NOC,1726084211.32,Department of Defense,Department of the Air Force,2000-01-11,200103!000014!5700!GV47  !ESC/JSK                         !F1962800C0100  !A!N!*!N!                   !20001211!20031231!938535028!008255408!016435559!N!NORTHROP GRUMMAN SYSTEMS CORPO!ONE HORNET WAY  ,https://www.usaspending.gov/award/CONT_AWD_F1962800C0100_9700_-NONE-_-NONE-
FA861517C6047,NORTHROP GRUMMAN SYSTEMS CORPORATION,NOC,1714438371.73,Department of Defense,Department of the Air Force,2017-05-31,F-16 ACTIVE ELECTRONICALLY SCANNED ARRAY JOINT EMERGENT OPERATIONAL NEED,https://www.usaspending.gov/award/CONT_AWD_FA861517C6047_9700_-NONE-_-NONE-
W31P4Q19C0076,RAYTHEON/LOCKHEED MARTIN JAVELIN JV,,1694838191.74,Department of Defense,Department of the Army,2019-09-12,"JAVELIN PRODUCTION CONTRACT AWARD TO INCLUDE THE ALL UP ROUNDS (AUR), BATTERY COOLANT UNITS (BCU), AND JAVELIN VEHICLE LAUNCHER ELECTRONICS (JVL-E).",https://www.usaspending.gov/award/CONT_AWD_W31P4Q19C0076_9700_-NONE-_-NONE-
N0002414C5315,RAYTHEON COMPANY,RTX,1671263971.83,Department of Defense,Department of the Navy,2013-10-10,AMDR BASIC CONTRACT AWARD FOR EMD AND EXERCISE OF ENHANCED DATA RIGHTS CLIN,https://www.usaspending.gov/award/CONT_AWD_N0002414C5315_9700_-NONE-_-NONE-
N0001922C0041,LOCKHEED MARTIN CORPORATION,LMT,1668183115.8,Department of Defense,Department of the Navy,2022-05-17,"F-35 DEVELOPMENTAL FOUNDATION CONTRACT 3 - THIS CONTRACT PROVIDES A FOUNDATION, IN SUPPORT OF F-35 DEVELOPMENTAL FLIGHT TEST AT EDWARDS AIR FORCE BASE, NAVAL AIR STATION PATUXENT RIVER, AND F-35 DEVEL",https://www.usaspending.gov/award/CONT_AWD_N0001922C0041_9700_-NONE-_-NONE-
FA862616C2139,RTX CORPORATION,,1651199673.57,Department of Defense,Department of the Air Force,2016-06-30,ADAPTIVE ENGINE TRANSITION PROGRAM  (AETP),https://www.usaspending.gov/award/CONT_AWD_FA862616C2139_9700_-NONE-_-NONE-
N0001915C0114,LOCKHEED MARTIN CORPORATION,LMT,1621042892.68,Department of Defense,Department of the Navy,2015-08-31,LRIP 9 NON ANNUALIZED AWARD,https://www.usaspending.gov/award/CONT_AWD_N0001915C0114_9700_-NONE-_-NONE-
W31P4Q23F0006,LOCKHEED MARTIN CORPORATION,LMT,1611793487.23,Department of Defense,Department of the Army,2022-10-21,GUIDED MULTIPLE LAUNCH ROCKET SYSTEM (GMLRS) AND LOW COST REDUCED RANGE PRACTICE ROCKET (LCRRPR) FY 23 FULL RATE PRODUCTION LOT 18 DELIVERY ORDER,https://www.usaspending.gov/award/CONT_AWD_W31P4Q23F0006_9700_W31P4Q23D0003_9700
W31P4Q23C0036,RAYTHEON COMPANY,RTX,1607872304.74,Department of Defense,Department of the Army,2023-09-29,REQUIREMENT FOR PATRIOT M903 LAUNCHING STATIONS.,https://www.usaspending.gov/award/CONT_AWD_W31P4Q23C0036_9700_-NONE-_-NONE-
0007,MASSACHUSETTS INSTITUTE OF TECHNOLOGY,,1594101040.69,Department of Defense,Department of the Air Force,2016-06-03,IGF::OT::IGF TRANSITION OF PROGRAMS FROM MIT LL CONTRACT FA8721-05-C-0002 TO MIT LL CONTRACT FA8702-15-D-0001,https://www.usaspending.gov/award/CONT_AWD_0007_9700_FA870215D0001_9700
N6852022F7005,VERTEX AEROSPACE LLC,,1579409218.69,Department of Defense,Defense Contract Management Agency,2021-10-15,"T45 CLS CMMARS TASK ORDER, MATERIALS - AIRCRAFT MAINTENANCE",https://www.usaspending.gov/award/CONT_AWD_N6852022F7005_9700_N6134019D1010_9700
FA862524F3034,LOCKHEED MARTIN CORP,LMT,1564462687.0,Department of Defense,Department of the Air Force,2028-12-31,C-130J COMBINED AIRCRAFT DELIVERY DEVELOPMENT INTEGRATION AND ENGINEERING (CADDIE) FY23 C-130J CONGRESSIONAL ADD AIRCRAFT,https://www.usaspending.gov/award/CONT_AWD_FA862524F3034_9700_FA862520D3000_9700
N0001922F0030,THE BOEING COMPANY,BA,1553797869.15,Department of Defense,Department of the Navy,2022-03-02,"HARPOON COASTAL DEFENSE SYSTEM FOR LAUNCHER TRANSPORTER UNITS (LTUS), RADAR UNITS (RUS) AND TRAINING EQUIPMENT.",https://www.usaspending.gov/award/CONT_AWD_N0001922F0030_9700_N0001921G0006_9700
W58RGZ08C0023,TEXTRON SYSTEMS CORPORATION,,1551565403.77,Department of Defense,Department of the Army,2007-10-31,PROCURE 14 SHADOW UNMANNED AIRCRAFT SYSTEMS,https://www.usaspending.gov/award/CONT_AWD_W58RGZ08C0023_9700_-NONE-_-NONE-
N0001918C1060,THE BOEING COMPANY,BA,1518660771.0,Department of Defense,Defense Contract Management Agency,2018-06-27,28 KUWAIT KAF-18E/F AIRCRAFT AND 56 COMMERCIAL PXMC CARDS,https://www.usaspending.gov/award/CONT_AWD_N0001918C1060_9700_-NONE-_-NONE-
M6785419C0043,NORTHROP GRUMMAN SYSTEMS CORPORATION,NOC,1511353721.66,Department of Defense,Department of the Navy,2019-06-07,G/ATOR GAN FRP LOT 1 QTY 4,https://www.usaspending.gov/award/CONT_AWD_M6785419C0043_9700_-NONE-_-NONE-
HQ014711C0006,NORTHROP GRUMMAN SYSTEMS CORPORATION,NOC,1504082422.71,Department of Defense,Missile Defense Agency,2011-03-07,IRBM TARGETS,https://www.usaspending.gov/award/CONT_AWD_HQ014711C0006_9700_-NONE-_-NONE-
DTFAWA12C00064,PARSONS GOVERNMENT SERVICES INC.,,1499977355.14,Department of Transportation,Federal Aviation Administration,2012-08-23,"THE CONTRACTOR MUST FURNISH ALL PROFESSIONAL, TECHNICAL AND SUPPORT LABOR, MATERIAL, SUPPLIES, MANAGEMENT SERVICES, DATA, AND FACILITIES REQUIRED TO ACCOMPLISH THE WORK TO BE ORDERED UNDER TECHNICAL F",https://www.usaspending.gov/award/CONT_AWD_DTFAWA12C00064_6920_-NONE-_-NONE-
80GSFC19C0063,PERATON INC.,,1499608688.36,National Aeronautics and Space Administration,National Aeronautics and Space Administration,2019-10-01,THE EXPLORATION AND SPACE COMMUNICATIONS PROJECTS DIVISION (ESC) IS A NATIONAL RESOURCE LOCATED AT GODDARD SPACE FLIGHT CENTER (GSFC) WHICH ENABLES SCIENTIFIC DISCOVERY AND SPACE EXPLORATION BY PROVID,https://www.usaspending.gov/award/CONT_AWD_80GSFC19C0063_8000_-NONE-_-NONE-
FA860926FB002,THE BOEING COMPANY,BA,1484114000.0,Department of Defense,Department of the Air Force,2026-02-27,KC-46 FMS EFFORT FOR ISRAEL AIRCRAFT 5&6 AND JAPAN AIRCRAFT 7-10.,https://www.usaspending.gov/award/CONT_AWD_FA860926FB002_9700_FA860919D0007_9700
N0002423C5403,RAM-SYSTEM GMBH,,1472521136.67,Department of Defense,Department of the Navy,2022-10-26,RAM MK 44 MOD 6 GMRP (BLK 2B),https://www.usaspending.gov/award/CONT_AWD_N0002423C5403_9700_-NONE-_-NONE-
N0002416C2111,ELECTRIC BOAT CORPORATION,,1468509369.0,Department of Defense,Department of the Navy,2016-08-26,IGF::OT::IGF VCS LEAD YARD SERVICES,https://www.usaspending.gov/award/CONT_AWD_N0002416C2111_9700_-NONE-_-NONE-
80NM0018F0850,CALIFORNIA INSTITUTE OF TECHNOLOGY,,1463429449.34,National Aeronautics and Space Administration,National Aeronautics and Space Administration,2018-10-01,"DEEP SPACE NETWORK (DSN)  THE CONTRACT IS THE SPONSORING AGREEMENT BETWEEN THE NATIONAL AERONAUTICS AND SPACE ADMINISTRATION (NASA) AND THE CALIFORNIA INSTITUTE OF TECHNOLOGY (CONTRACTOR), A PRIVATE N",https://www.usaspending.gov/award/CONT_AWD_80NM0018F0850_8000_80NM0018D0004_8000
FA870219F0001,MASSACHUSETTS INSTITUTE OF TECHNOLOGY,,1456315058.93,Department of Defense,Department of the Air Force,2019-02-26,IGF::OT::IGF MASSACHUSETTS INSTITUTE OF TECHNOLOGY: LINCOLN LABORATORY - RESEARCH AND DEVELOPMENT,https://www.usaspending.gov/award/CONT_AWD_FA870219F0001_9700_FA870215D0001_9700
NNJ10TB01C,"HAMILTON SUNDSTRAND SPACE SYSTEMS INTERNATIONAL, INC.",,1451665745.1,National Aeronautics and Space Administration,National Aeronautics and Space Administration,2010-10-01,EXTRAVEHICULAR SPACE OPERATIONS CONTRACT (ESOC),https://www.usaspending.gov/award/CONT_AWD_NNJ10TB01C_8000_-NONE-_-NONE-
N0001917C0045,LOCKHEED MARTIN CORPORATION,LMT,1443726578.57,Department of Defense,Department of the Navy,2017-03-01,FY17A F-35 SUSTAINMENT - FMS,https://www.usaspending.gov/award/CONT_AWD_N0001917C0045_9700_-NONE-_-NONE-
47QFSA20F0057,SCIENCE APPLICATIONS INTERNATIONAL CORPORATION,SAIC,1432945155.91,General Services Administration,Federal Acquisition Service,2020-05-05,SOFTWARE LIFE CYCLE DEVELOPMENT,https://www.usaspending.gov/award/CONT_AWD_47QFSA20F0057_4732_GS00Q14OADU428_4732
HHSO100200900101C,SEQIRUS INC,,1430622665.0,Department of Health and Human Services,Office of Assistant Secretary for Preparedness and Response,2009-01-15,TAS::75 0140::TAS CONSTRUCTION OF VACCINE MANUFACTURING FACILITY,https://www.usaspending.gov/award/CONT_AWD_HHSO100200900101C_7505_-NONE-_-NONE-
FA882321C0001,LOCKHEED MARTIN CORP,LMT,1424651424.09,Department of Defense,Department of the Air Force,2021-07-02,"SPACE BASED INFRARED SYSTEMS CONTRACTOR LOGISTICS SUPPORT. PRODUCT SUPPORT INTEGRATION, CONTRACT EVOLUTION",https://www.usaspending.gov/award/CONT_AWD_FA882321C0001_9700_-NONE-_-NONE-
N0002420C5405,RAYTHEON COMPANY,RTX,1418484083.6,Department of Defense,Defense Contract Management Agency,2019-12-20,SM-6 BLK IA TACTICAL ALL UP ROUND (AUR),https://www.usaspending.gov/award/CONT_AWD_N0002420C5405_9700_-NONE-_-NONE-
HQ085121C0001,LOCKHEED MARTIN CORPORATION,LMT,1415146887.73,Department of Defense,Missile Defense Agency,2020-10-02,BASELINE J7.B DEVELOPMENT LOE,https://www.usaspending.gov/award/CONT_AWD_HQ085121C0001_9700_-NONE-_-NONE-
FA865622FA071,RAYTHEON COMPANY,RTX,1411745212.76,Department of Defense,Department of the Air Force,2022-09-22,HACM - SCIFIRE,https://www.usaspending.gov/award/CONT_AWD_FA865622FA071_9700_FA865621DA004_9700
HQ085121C0002,LOCKHEED MARTIN CORPORATION,LMT,1401875693.1,Department of Defense,Missile Defense Agency,2020-11-01,AEGIS BASELINE 5.4.1 (BMD 4.2),https://www.usaspending.gov/award/CONT_AWD_HQ085121C0002_9700_-NONE-_-NONE-
FA863416C2653,THE BOEING COMPANY,BA,1399773518.14,Department of Defense,Department of the Air Force,2015-10-30,F-15; ACAT II: RMP/V3 COMBINED RADAR BUY FY15,https://www.usaspending.gov/award/CONT_AWD_FA863416C2653_9700_-NONE-_-NONE-
N0002421C5408,RAYTHEON COMPANY,RTX,1398663146.82,Department of Defense,Defense Contract Management Agency,2021-09-29,GUIDED MISSILE ASSEMBLY AND PIO CEILING TRACKER CLINS AWARD,https://www.usaspending.gov/award/CONT_AWD_N0002421C5408_9700_-NONE-_-NONE-
FA873918C5030,THE BOEING COMPANY,BA,1391231787.04,Department of Defense,Department of the Air Force,2018-09-24,UH-1N REPLACEMENT HELICOPTER SYSTEM,https://www.usaspending.gov/award/CONT_AWD_FA873918C5030_9700_-NONE-_-NONE-
N0002424C5408,RAYTHEON COMPANY,RTX,1380494831.69,Department of Defense,Defense Contract Management Agency,2024-10-01,GMA (MK25) C-BAND,https://www.usaspending.gov/award/CONT_AWD_N0002424C5408_9700_-NONE-_-NONE-
N0002419C2125,ELECTRIC BOAT CORPORATION,,1370352119.0,Department of Defense,Department of the Navy,2019-07-11,SUBMARINE PLANNING YARD,https://www.usaspending.gov/award/CONT_AWD_N0002419C2125_9700_-NONE-_-NONE-
N0001921C0723,RAYTHEON COMPANY,RTX,1368878887.0,Department of Defense,Department of the Navy,2021-06-30,AIM-9X LOT 21-23 PRODUCTION,https://www.usaspending.gov/award/CONT_AWD_N0001921C0723_9700_-NONE-_-NONE-
W31P4Q17C0194,RAYTHEON COMPANY,RTX,1360500677.86,Department of Defense,Department of the Army,2017-09-30,"CONTRACT IS FOR THE PROCUREMENT OF TUBE-LAUNCHED OPTICALLYTRACKED WIRELESS-GUIDED MISSILES FOR THE UNITED STATES ARMY, UNITED STATES MARINE CORPS AND FOREIGN MILITARY SALES CUSTOMERS.",https://www.usaspending.gov/award/CONT_AWD_W31P4Q17C0194_9700_-NONE-_-NONE-
